#
# There is insufficient memory for the Java Runtime Environment to continue.
# Native memory allocation (mmap) failed to map 70254592 bytes. Error detail: G1 virtual space
# Possible reasons:
#   The system is out of physical RAM or swap space
#   This process is running with CompressedOops enabled, and the Java Heap may be blocking the growth of the native heap
# Possible solutions:
#   Reduce memory load on the system
#   Increase physical memory or swap space
#   Check if swap backing store is full
#   Decrease Java heap size (-Xmx/-Xms)
#   Decrease number of Java threads
#   Decrease Java thread stack sizes (-Xss)
#   Set larger code cache with -XX:ReservedCodeCacheSize=
#   JVM is running with Unscaled Compressed Oops mode in which the Java heap is
#     placed in the first 4GB address space. The Java Heap base address is the
#     maximum limit for the native heap growth. Please use -XX:HeapBaseMinAddress
#     to set the Java Heap base and to place the Java Heap above 4GB virtual address.
# This output file may be truncated or incomplete.
#
#  Out of Memory Error (os_windows.cpp:3925), pid=7044, tid=12784
#
# JRE version: OpenJDK Runtime Environment (21.0.9) (build 21.0.9+-14787801-b1163.94)
# Java VM: OpenJDK 64-Bit Server VM (21.0.9+-14787801-b1163.94, mixed mode, tiered, compressed oops, compressed class ptrs, g1 gc, windows-amd64)
# No core dump will be written. Minidumps are not enabled by default on client versions of Windows
#

---------------  S U M M A R Y ------------

Command Line: -XX:MaxMetaspaceSize=512m --add-opens=java.base/java.util=ALL-UNNAMED --add-opens=java.base/java.lang=ALL-UNNAMED --add-opens=java.base/java.lang.invoke=ALL-UNNAMED --add-opens=java.prefs/java.util.prefs=ALL-UNNAMED --add-opens=java.base/java.nio.charset=ALL-UNNAMED --add-opens=java.base/java.net=ALL-UNNAMED --add-opens=java.base/java.util.concurrent.atomic=ALL-UNNAMED -Xmx2048m -Dfile.encoding=UTF-8 -Duser.country=BR -Duser.language=pt -Duser.variant -javaagent:C:\Users\Diego\.gradle\wrapper\dists\gradle-8.5-all\3zlzzgtsutfj0pbojr50n2l7z\gradle-8.5\lib\agents\gradle-instrumentation-agent-8.5.jar org.gradle.launcher.daemon.bootstrap.GradleDaemon 8.5

Host: Intel(R) Core(TM) i3-7020U CPU @ 2.30GHz, 4 cores, 3G,  Windows 11 , 64 bit Build 26100 (10.0.26100.7920)
Time: Wed Apr  1 15:25:42 2026 Hora oficial do Brasil elapsed time: 479.612735 seconds (0d 0h 7m 59s)

---------------  T H R E A D  ---------------

Current thread (0x000001ad4d185bb0):  VMThread "VM Thread"          [id=12784, stack(0x00000052c7500000,0x00000052c7600000) (1024K)]

Stack: [0x00000052c7500000,0x00000052c7600000]
Native frames: (J=compiled Java code, j=interpreted, Vv=VM code, C=native code)
V  [jvm.dll+0x6d6c99]
V  [jvm.dll+0x866b83]
V  [jvm.dll+0x8691ae]
V  [jvm.dll+0x869893]
V  [jvm.dll+0x280776]
V  [jvm.dll+0x6d3555]
V  [jvm.dll+0x6c6bea]
V  [jvm.dll+0x3587fb]
V  [jvm.dll+0x360476]
V  [jvm.dll+0x3b2646]
V  [jvm.dll+0x3b2918]
V  [jvm.dll+0x32af0c]
V  [jvm.dll+0x32af97]
V  [jvm.dll+0x370e7c]
V  [jvm.dll+0x36f62e]
V  [jvm.dll+0x32a661]
V  [jvm.dll+0x36ed30]
V  [jvm.dll+0x86f618]
V  [jvm.dll+0x870994]
V  [jvm.dll+0x870ed0]
V  [jvm.dll+0x871163]
V  [jvm.dll+0x80f118]
V  [jvm.dll+0x6d54ed]
C  [ucrtbase.dll+0x37b0]
C  [KERNEL32.DLL+0x2e8d7]
C  [ntdll.dll+0x8c48c]

VM_Operation (0x00000052c93fe260): G1CollectForAllocation, mode: safepoint, requested by thread 0x000001ad5271ed80


---------------  P R O C E S S  ---------------

Threads class SMR info:
_java_thread_list=0x000001ad585e9490, length=43, elements={
0x000001ad34075e70, 0x000001ad4d1ed910, 0x000001ad4d343410, 0x000001ad4d3419e0,
0x000001ad4d371930, 0x000001ad4d372390, 0x000001ad4d372df0, 0x000001ad4d373850,
0x000001ad4d377b40, 0x000001ad4d37e800, 0x000001ad4d72a6f0, 0x000001ad4ddf9070,
0x000001ad52107810, 0x000001ad52155cc0, 0x000001ad4dccd130, 0x000001ad4dccd7a0,
0x000001ad4dd4f7b0, 0x000001ad4d90f3d0, 0x000001ad4d90d300, 0x000001ad4d90e6b0,
0x000001ad4d90c5e0, 0x000001ad4d90cc70, 0x000001ad4d90ed40, 0x000001ad4d90d990,
0x000001ad4d90e020, 0x000001ad5271b270, 0x000001ad5271e060, 0x000001ad5271ed80,
0x000001ad5271b900, 0x000001ad5271ccb0, 0x000001ad5271d9d0, 0x000001ad5271f410,
0x000001ad5271e6f0, 0x000001ad5271bf90, 0x000001ad5271faa0, 0x000001ad5271c620,
0x000001ad56f6a140, 0x000001ad60276e20, 0x000001ad6027a2a0, 0x000001ad6027a930,
0x000001ad582e8390, 0x000001ad582e62c0, 0x000001ad582e5c30
}

Java Threads: ( => current thread )
  0x000001ad34075e70 JavaThread "main"                              [_thread_blocked, id=6724, stack(0x00000052c6e00000,0x00000052c6f00000) (1024K)]
  0x000001ad4d1ed910 JavaThread "Common-Cleaner"             daemon [_thread_blocked, id=18348, stack(0x00000052c7600000,0x00000052c7700000) (1024K)]
  0x000001ad4d343410 JavaThread "Reference Handler"          daemon [_thread_blocked, id=4648, stack(0x00000052c7700000,0x00000052c7800000) (1024K)]
  0x000001ad4d3419e0 JavaThread "Finalizer"                  daemon [_thread_blocked, id=6944, stack(0x00000052c7800000,0x00000052c7900000) (1024K)]
  0x000001ad4d371930 JavaThread "Signal Dispatcher"          daemon [_thread_blocked, id=13416, stack(0x00000052c7900000,0x00000052c7a00000) (1024K)]
  0x000001ad4d372390 JavaThread "Attach Listener"            daemon [_thread_blocked, id=19512, stack(0x00000052c7a00000,0x00000052c7b00000) (1024K)]
  0x000001ad4d372df0 JavaThread "Service Thread"             daemon [_thread_blocked, id=1748, stack(0x00000052c7b00000,0x00000052c7c00000) (1024K)]
  0x000001ad4d373850 JavaThread "Monitor Deflation Thread"   daemon [_thread_blocked, id=18936, stack(0x00000052c7c00000,0x00000052c7d00000) (1024K)]
  0x000001ad4d377b40 JavaThread "C2 CompilerThread0"         daemon [_thread_blocked, id=18560, stack(0x00000052c7d00000,0x00000052c7e00000) (1024K)]
  0x000001ad4d37e800 JavaThread "C1 CompilerThread0"         daemon [_thread_blocked, id=14476, stack(0x00000052c7e00000,0x00000052c7f00000) (1024K)]
  0x000001ad4d72a6f0 JavaThread "Notification Thread"        daemon [_thread_blocked, id=16872, stack(0x00000052c7f00000,0x00000052c8000000) (1024K)]
  0x000001ad4ddf9070 JavaThread "Daemon health stats"               [_thread_blocked, id=2448, stack(0x00000052c8400000,0x00000052c8500000) (1024K)]
  0x000001ad52107810 JavaThread "Incoming local TCP Connector on port 58994"        [_thread_in_native, id=16288, stack(0x00000052c8500000,0x00000052c8600000) (1024K)]
  0x000001ad52155cc0 JavaThread "Daemon periodic checks"            [_thread_blocked, id=17584, stack(0x00000052c8600000,0x00000052c8700000) (1024K)]
  0x000001ad4dccd130 JavaThread "Daemon"                            [_thread_blocked, id=15016, stack(0x00000052c8700000,0x00000052c8800000) (1024K)]
  0x000001ad4dccd7a0 JavaThread "Handler for socket connection from /127.0.0.1:58994 to /127.0.0.1:58995"        [_thread_in_native, id=19720, stack(0x00000052c8800000,0x00000052c8900000) (1024K)]
  0x000001ad4dd4f7b0 JavaThread "Cancel handler"                    [_thread_blocked, id=7264, stack(0x00000052c8900000,0x00000052c8a00000) (1024K)]
  0x000001ad4d90f3d0 JavaThread "Daemon worker"                     [_thread_blocked, id=17348, stack(0x00000052c8a00000,0x00000052c8b00000) (1024K)]
  0x000001ad4d90d300 JavaThread "Asynchronous log dispatcher for DefaultDaemonConnection: socket connection from /127.0.0.1:58994 to /127.0.0.1:58995"        [_thread_blocked, id=19672, stack(0x00000052c8b00000,0x00000052c8c00000) (1024K)]
  0x000001ad4d90e6b0 JavaThread "Stdin handler"                     [_thread_blocked, id=1528, stack(0x00000052c8c00000,0x00000052c8d00000) (1024K)]
  0x000001ad4d90c5e0 JavaThread "Daemon client event forwarder"        [_thread_blocked, id=14588, stack(0x00000052c8d00000,0x00000052c8e00000) (1024K)]
  0x000001ad4d90cc70 JavaThread "Cache worker for journal cache (C:\Users\Diego\.gradle\caches\journal-1)"        [_thread_blocked, id=18920, stack(0x00000052c6b00000,0x00000052c6c00000) (1024K)]
  0x000001ad4d90ed40 JavaThread "File lock request listener"        [_thread_in_native, id=19668, stack(0x00000052c8e00000,0x00000052c8f00000) (1024K)]
  0x000001ad4d90d990 JavaThread "Cache worker for file hash cache (C:\Users\Diego\.gradle\caches\8.5\fileHashes)"        [_thread_blocked, id=20052, stack(0x00000052c8f00000,0x00000052c9000000) (1024K)]
  0x000001ad4d90e020 JavaThread "File watcher server"        daemon [_thread_in_native, id=6356, stack(0x00000052c9000000,0x00000052c9100000) (1024K)]
  0x000001ad5271b270 JavaThread "File watcher consumer"      daemon [_thread_blocked, id=18372, stack(0x00000052c9100000,0x00000052c9200000) (1024K)]
  0x000001ad5271e060 JavaThread "jar transforms"                    [_thread_blocked, id=20468, stack(0x00000052c9200000,0x00000052c9300000) (1024K)]
  0x000001ad5271ed80 JavaThread "jar transforms Thread 2"           [_thread_blocked, id=19080, stack(0x00000052c9300000,0x00000052c9400000) (1024K)]
  0x000001ad5271b900 JavaThread "jar transforms Thread 3"           [_thread_blocked, id=2656, stack(0x00000052c9400000,0x00000052c9500000) (1024K)]
  0x000001ad5271ccb0 JavaThread "jar transforms Thread 4"           [_thread_blocked, id=16932, stack(0x00000052c9500000,0x00000052c9600000) (1024K)]
  0x000001ad5271d9d0 JavaThread "Cache worker for checksums cache (C:\Users\Diego\Documents\APP CODE\PDF_GURU\mobile_app\android\.gradle\8.5\checksums)"        [_thread_blocked, id=9928, stack(0x00000052c6c00000,0x00000052c6d00000) (1024K)]
  0x000001ad5271f410 JavaThread "Cache worker for file hash cache (C:\Users\Diego\Documents\APP CODE\PDF_GURU\mobile_app\android\.gradle\8.5\fileHashes)"        [_thread_blocked, id=10232, stack(0x00000052c6d00000,0x00000052c6e00000) (1024K)]
  0x000001ad5271e6f0 JavaThread "Cache worker for cache directory md-supplier (C:\Users\Diego\.gradle\caches\8.5\md-supplier)"        [_thread_blocked, id=19204, stack(0x00000052c9600000,0x00000052c9700000) (1024K)]
  0x000001ad5271bf90 JavaThread "Cache worker for cache directory md-rule (C:\Users\Diego\.gradle\caches\8.5\md-rule)"        [_thread_blocked, id=16204, stack(0x00000052c9700000,0x00000052c9800000) (1024K)]
  0x000001ad5271faa0 JavaThread "Cache worker for file content cache (C:\Users\Diego\.gradle\caches\8.5\fileContent)"        [_thread_blocked, id=5368, stack(0x00000052c9800000,0x00000052c9900000) (1024K)]
  0x000001ad5271c620 JavaThread "Cache worker for execution history cache (C:\Users\Diego\.gradle\caches\8.5\executionHistory)"        [_thread_blocked, id=16464, stack(0x00000052c9900000,0x00000052c9a00000) (1024K)]
  0x000001ad56f6a140 JavaThread "Cache worker for kotlin-dsl (C:\Users\Diego\.gradle\caches\8.5\kotlin-dsl)"        [_thread_blocked, id=19136, stack(0x00000052c9a00000,0x00000052c9b00000) (1024K)]
  0x000001ad60276e20 JavaThread "Cache worker for dependencies-accessors (C:\Users\Diego\Documents\APP CODE\PDF_GURU\mobile_app\android\.gradle\8.5\dependencies-accessors)"        [_thread_blocked, id=6936, stack(0x00000052c8300000,0x00000052c8400000) (1024K)]
  0x000001ad6027a2a0 JavaThread "Cache worker for Build Output Cleanup Cache (C:\Users\Diego\Documents\APP CODE\PDF_GURU\mobile_app\node_modules\@react-native\gradle-plugin\.gradle\buildOutputCleanup)"        [_thread_blocked, id=4280, stack(0x00000052c9b00000,0x00000052c9c00000) (1024K)]
  0x000001ad6027a930 JavaThread "Kotlin DSL Writer"                 [_thread_blocked, id=16520, stack(0x00000052c9c00000,0x00000052c9d00000) (1024K)]
  0x000001ad582e8390 JavaThread "Unconstrained build operations"        [_thread_blocked, id=14492, stack(0x00000052c9d00000,0x00000052c9e00000) (1024K)]
  0x000001ad582e62c0 JavaThread "Unconstrained build operations Thread 2"        [_thread_blocked, id=19440, stack(0x00000052c9e00000,0x00000052c9f00000) (1024K)]
  0x000001ad582e5c30 JavaThread "Unconstrained build operations Thread 3"        [_thread_blocked, id=19832, stack(0x00000052c9f00000,0x00000052ca000000) (1024K)]
Total: 43

Other Threads:
=>0x000001ad4d185bb0 VMThread "VM Thread"                           [id=12784, stack(0x00000052c7500000,0x00000052c7600000) (1024K)]
  0x000001ad4d11e160 WatcherThread "VM Periodic Task Thread"        [id=2796, stack(0x00000052c7400000,0x00000052c7500000) (1024K)]
  0x000001ad363b1120 WorkerThread "GC Thread#0"                     [id=18948, stack(0x00000052c6f00000,0x00000052c7000000) (1024K)]
  0x000001ad4d7be340 WorkerThread "GC Thread#1"                     [id=16828, stack(0x00000052c8000000,0x00000052c8100000) (1024K)]
  0x000001ad4d833d20 WorkerThread "GC Thread#2"                     [id=18232, stack(0x00000052c8100000,0x00000052c8200000) (1024K)]
  0x000001ad521b5ff0 WorkerThread "GC Thread#3"                     [id=16196, stack(0x00000052c8200000,0x00000052c8300000) (1024K)]
  0x000001ad363c2010 ConcurrentGCThread "G1 Main Marker"            [id=20368, stack(0x00000052c7000000,0x00000052c7100000) (1024K)]
  0x000001ad363c3860 WorkerThread "G1 Conc#0"                       [id=14508, stack(0x00000052c7100000,0x00000052c7200000) (1024K)]
  0x000001ad3641cb60 ConcurrentGCThread "G1 Refine#0"               [id=15432, stack(0x00000052c7200000,0x00000052c7300000) (1024K)]
  0x000001ad3641e490 ConcurrentGCThread "G1 Service"                [id=15620, stack(0x00000052c7300000,0x00000052c7400000) (1024K)]
Total: 10

Threads with active compile tasks:
Total: 0

VM state: at safepoint (normal execution)

VM Mutex/Monitor currently owned by a thread:  ([mutex/lock_event])
[0x00007ffa42ff8690] Threads_lock - owner thread: 0x000001ad4d185bb0
[0x00007ffa42ff8790] Heap_lock - owner thread: 0x000001ad5271ed80

Heap address: 0x0000000080000000, size: 2048 MB, Compressed Oops mode: 32-bit

CDS archive(s) not mapped
Compressed class space mapped at: 0x0000000100000000-0x000000011a000000, reserved size: 436207616
Narrow klass base: 0x0000000000000000, Narrow klass shift: 3, Narrow klass range: 0x11a000000

GC Precious Log:
 CardTable entry size: 512
 Card Set container configuration: InlinePtr #cards 5 size 8 Array Of Cards #cards 12 size 40 Howl #buckets 4 coarsen threshold 1843 Howl Bitmap #cards 512 size 80 coarsen threshold 460 Card regions per heap region 1 cards per card region 2048
 CPUs: 4 total, 4 available
 Memory: 3980M
 Large Page Support: Disabled
 NUMA Support: Disabled
 Compressed Oops: Enabled (32-bit)
 Heap Region Size: 1M
 Heap Min Capacity: 8M
 Heap Initial Capacity: 64M
 Heap Max Capacity: 2G
 Pre-touch: Disabled
 Parallel Workers: 4
 Concurrent Workers: 1
 Concurrent Refinement Workers: 4
 Periodic GC: Disabled

Heap:
 garbage-first heap   total 402432K, used 142997K [0x0000000080000000, 0x0000000100000000)
  region size 1024K, 11 young (11264K), 11 survivors (11264K)
 Metaspace       used 137820K, committed 139904K, reserved 557056K
  class space    used 17933K, committed 18944K, reserved 425984K

Heap Regions: E=young(eden), S=young(survivor), O=old, HS=humongous(starts), HC=humongous(continues), CS=collection set, F=free, TAMS=top-at-mark-start, PB=parsable bottom
|   0|0x0000000080000000, 0x0000000080100000, 0x0000000080100000|100%|HS|  |TAMS 0x0000000080000000| PB 0x0000000080000000| Complete 
|   1|0x0000000080100000, 0x0000000080200000, 0x0000000080200000|100%|HC|  |TAMS 0x0000000080100000| PB 0x0000000080100000| Complete 
|   2|0x0000000080200000, 0x0000000080300000, 0x0000000080300000|100%|HC|  |TAMS 0x0000000080200000| PB 0x0000000080200000| Complete 
|   3|0x0000000080300000, 0x0000000080400000, 0x0000000080400000|100%|HC|  |TAMS 0x0000000080300000| PB 0x0000000080300000| Complete 
|   4|0x0000000080400000, 0x0000000080500000, 0x0000000080500000|100%| O|  |TAMS 0x0000000080400000| PB 0x0000000080400000| Untracked 
|   5|0x0000000080500000, 0x0000000080600000, 0x0000000080600000|100%| O|  |TAMS 0x0000000080500000| PB 0x0000000080500000| Untracked 
|   6|0x0000000080600000, 0x0000000080700000, 0x0000000080700000|100%| O|  |TAMS 0x0000000080600000| PB 0x0000000080600000| Untracked 
|   7|0x0000000080700000, 0x0000000080800000, 0x0000000080800000|100%| O|  |TAMS 0x0000000080700000| PB 0x0000000080700000| Untracked 
|   8|0x0000000080800000, 0x0000000080900000, 0x0000000080900000|100%| O|  |TAMS 0x0000000080800000| PB 0x0000000080800000| Untracked 
|   9|0x0000000080900000, 0x0000000080a00000, 0x0000000080a00000|100%| O|  |TAMS 0x0000000080900000| PB 0x0000000080900000| Untracked 
|  10|0x0000000080a00000, 0x0000000080b00000, 0x0000000080b00000|100%|HS|  |TAMS 0x0000000080a00000| PB 0x0000000080a00000| Complete 
|  11|0x0000000080b00000, 0x0000000080c00000, 0x0000000080c00000|100%| O|  |TAMS 0x0000000080b00000| PB 0x0000000080b00000| Untracked 
|  12|0x0000000080c00000, 0x0000000080d00000, 0x0000000080d00000|100%| O|  |TAMS 0x0000000080c00000| PB 0x0000000080c00000| Untracked 
|  13|0x0000000080d00000, 0x0000000080e00000, 0x0000000080e00000|100%| O|  |TAMS 0x0000000080d00000| PB 0x0000000080d00000| Untracked 
|  14|0x0000000080e00000, 0x0000000080f00000, 0x0000000080f00000|100%| O|  |TAMS 0x0000000080e00000| PB 0x0000000080e00000| Untracked 
|  15|0x0000000080f00000, 0x0000000081000000, 0x0000000081000000|100%| O|  |TAMS 0x0000000080f00000| PB 0x0000000080f00000| Untracked 
|  16|0x0000000081000000, 0x0000000081100000, 0x0000000081100000|100%| O|  |TAMS 0x0000000081000000| PB 0x0000000081000000| Untracked 
|  17|0x0000000081100000, 0x0000000081200000, 0x0000000081200000|100%| O|  |TAMS 0x0000000081100000| PB 0x0000000081100000| Untracked 
|  18|0x0000000081200000, 0x0000000081300000, 0x0000000081300000|100%| O|  |TAMS 0x0000000081200000| PB 0x0000000081200000| Untracked 
|  19|0x0000000081300000, 0x0000000081400000, 0x0000000081400000|100%| O|  |TAMS 0x0000000081300000| PB 0x0000000081300000| Untracked 
|  20|0x0000000081400000, 0x0000000081500000, 0x0000000081500000|100%| O|  |TAMS 0x0000000081400000| PB 0x0000000081400000| Untracked 
|  21|0x0000000081500000, 0x0000000081600000, 0x0000000081600000|100%|HS|  |TAMS 0x0000000081500000| PB 0x0000000081500000| Complete 
|  22|0x0000000081600000, 0x0000000081700000, 0x0000000081700000|100%|HC|  |TAMS 0x0000000081600000| PB 0x0000000081600000| Complete 
|  23|0x0000000081700000, 0x0000000081800000, 0x0000000081800000|100%|HC|  |TAMS 0x0000000081700000| PB 0x0000000081700000| Complete 
|  24|0x0000000081800000, 0x0000000081900000, 0x0000000081900000|100%|HC|  |TAMS 0x0000000081800000| PB 0x0000000081800000| Complete 
|  25|0x0000000081900000, 0x0000000081a00000, 0x0000000081a00000|100%|HC|  |TAMS 0x0000000081900000| PB 0x0000000081900000| Complete 
|  26|0x0000000081a00000, 0x0000000081b00000, 0x0000000081b00000|100%|HC|  |TAMS 0x0000000081a00000| PB 0x0000000081a00000| Complete 
|  27|0x0000000081b00000, 0x0000000081c00000, 0x0000000081c00000|100%|HS|  |TAMS 0x0000000081b00000| PB 0x0000000081b00000| Complete 
|  28|0x0000000081c00000, 0x0000000081d00000, 0x0000000081d00000|100%| O|  |TAMS 0x0000000081c00000| PB 0x0000000081c00000| Untracked 
|  29|0x0000000081d00000, 0x0000000081e00000, 0x0000000081e00000|100%| O|  |TAMS 0x0000000081d00000| PB 0x0000000081d00000| Untracked 
|  30|0x0000000081e00000, 0x0000000081f00000, 0x0000000081f00000|100%|HS|  |TAMS 0x0000000081e00000| PB 0x0000000081e00000| Complete 
|  31|0x0000000081f00000, 0x0000000082000000, 0x0000000082000000|100%|HC|  |TAMS 0x0000000081f00000| PB 0x0000000081f00000| Complete 
|  32|0x0000000082000000, 0x0000000082100000, 0x0000000082100000|100%| O|  |TAMS 0x0000000082000000| PB 0x0000000082000000| Untracked 
|  33|0x0000000082100000, 0x0000000082200000, 0x0000000082200000|100%| O|  |TAMS 0x0000000082100000| PB 0x0000000082100000| Untracked 
|  34|0x0000000082200000, 0x0000000082300000, 0x0000000082300000|100%| O|  |TAMS 0x0000000082200000| PB 0x0000000082200000| Untracked 
|  35|0x0000000082300000, 0x0000000082400000, 0x0000000082400000|100%| O|  |TAMS 0x0000000082300000| PB 0x0000000082300000| Untracked 
|  36|0x0000000082400000, 0x0000000082500000, 0x0000000082500000|100%| O|  |TAMS 0x0000000082400000| PB 0x0000000082400000| Untracked 
|  37|0x0000000082500000, 0x0000000082600000, 0x0000000082600000|100%|HS|  |TAMS 0x0000000082500000| PB 0x0000000082500000| Complete 
|  38|0x0000000082600000, 0x0000000082700000, 0x0000000082700000|100%|HC|  |TAMS 0x0000000082600000| PB 0x0000000082600000| Complete 
|  39|0x0000000082700000, 0x0000000082800000, 0x0000000082800000|100%|HC|  |TAMS 0x0000000082700000| PB 0x0000000082700000| Complete 
|  40|0x0000000082800000, 0x0000000082900000, 0x0000000082900000|100%|HC|  |TAMS 0x0000000082800000| PB 0x0000000082800000| Complete 
|  41|0x0000000082900000, 0x0000000082a00000, 0x0000000082a00000|100%|HC|  |TAMS 0x0000000082900000| PB 0x0000000082900000| Complete 
|  42|0x0000000082a00000, 0x0000000082b00000, 0x0000000082b00000|100%|HC|  |TAMS 0x0000000082a00000| PB 0x0000000082a00000| Complete 
|  43|0x0000000082b00000, 0x0000000082c00000, 0x0000000082c00000|100%|HS|  |TAMS 0x0000000082b00000| PB 0x0000000082b00000| Complete 
|  44|0x0000000082c00000, 0x0000000082d00000, 0x0000000082d00000|100%|HC|  |TAMS 0x0000000082c00000| PB 0x0000000082c00000| Complete 
|  45|0x0000000082d00000, 0x0000000082e00000, 0x0000000082e00000|100%| O|  |TAMS 0x0000000082d00000| PB 0x0000000082d00000| Untracked 
|  46|0x0000000082e00000, 0x0000000082f00000, 0x0000000082f00000|100%| O|  |TAMS 0x0000000082e00000| PB 0x0000000082e00000| Untracked 
|  47|0x0000000082f00000, 0x0000000083000000, 0x0000000083000000|100%| O|  |TAMS 0x0000000082f00000| PB 0x0000000082f00000| Untracked 
|  48|0x0000000083000000, 0x0000000083100000, 0x0000000083100000|100%| O|  |TAMS 0x0000000083000000| PB 0x0000000083000000| Untracked 
|  49|0x0000000083100000, 0x0000000083200000, 0x0000000083200000|100%| O|  |TAMS 0x0000000083100000| PB 0x0000000083100000| Untracked 
|  50|0x0000000083200000, 0x0000000083300000, 0x0000000083300000|100%| O|  |TAMS 0x0000000083200000| PB 0x0000000083200000| Untracked 
|  51|0x0000000083300000, 0x0000000083400000, 0x0000000083400000|100%| O|  |TAMS 0x0000000083300000| PB 0x0000000083300000| Untracked 
|  52|0x0000000083400000, 0x0000000083500000, 0x0000000083500000|100%|HS|  |TAMS 0x0000000083400000| PB 0x0000000083400000| Complete 
|  53|0x0000000083500000, 0x0000000083600000, 0x0000000083600000|100%| O|  |TAMS 0x0000000083500000| PB 0x0000000083500000| Untracked 
|  54|0x0000000083600000, 0x0000000083700000, 0x0000000083700000|100%| O|  |TAMS 0x0000000083600000| PB 0x0000000083600000| Untracked 
|  55|0x0000000083700000, 0x0000000083800000, 0x0000000083800000|100%| O|  |TAMS 0x0000000083700000| PB 0x0000000083700000| Untracked 
|  56|0x0000000083800000, 0x0000000083900000, 0x0000000083900000|100%| O|  |TAMS 0x0000000083800000| PB 0x0000000083800000| Untracked 
|  57|0x0000000083900000, 0x0000000083a00000, 0x0000000083a00000|100%| O|  |TAMS 0x0000000083900000| PB 0x0000000083900000| Untracked 
|  58|0x0000000083a00000, 0x0000000083b00000, 0x0000000083b00000|100%| O|  |TAMS 0x0000000083a00000| PB 0x0000000083a00000| Untracked 
|  59|0x0000000083b00000, 0x0000000083c00000, 0x0000000083c00000|100%| O|  |TAMS 0x0000000083b00000| PB 0x0000000083b00000| Untracked 
|  60|0x0000000083c00000, 0x0000000083d00000, 0x0000000083d00000|100%| O|  |TAMS 0x0000000083c00000| PB 0x0000000083c00000| Untracked 
|  61|0x0000000083d00000, 0x0000000083e00000, 0x0000000083e00000|100%| O|  |TAMS 0x0000000083d00000| PB 0x0000000083d00000| Untracked 
|  62|0x0000000083e00000, 0x0000000083f00000, 0x0000000083f00000|100%| O|  |TAMS 0x0000000083e00000| PB 0x0000000083e00000| Untracked 
|  63|0x0000000083f00000, 0x0000000084000000, 0x0000000084000000|100%| O|  |TAMS 0x0000000083f00000| PB 0x0000000083f00000| Untracked 
|  64|0x0000000084000000, 0x0000000084100000, 0x0000000084100000|100%| O|  |TAMS 0x0000000084000000| PB 0x0000000084000000| Untracked 
|  65|0x0000000084100000, 0x0000000084200000, 0x0000000084200000|100%| O|  |TAMS 0x0000000084100000| PB 0x0000000084100000| Untracked 
|  66|0x0000000084200000, 0x0000000084300000, 0x0000000084300000|100%| O|  |TAMS 0x0000000084200000| PB 0x0000000084200000| Untracked 
|  67|0x0000000084300000, 0x0000000084400000, 0x0000000084400000|100%| O|  |TAMS 0x0000000084300000| PB 0x0000000084300000| Untracked 
|  68|0x0000000084400000, 0x0000000084500000, 0x0000000084500000|100%| O|  |TAMS 0x0000000084400000| PB 0x0000000084400000| Untracked 
|  69|0x0000000084500000, 0x0000000084600000, 0x0000000084600000|100%| O|  |TAMS 0x0000000084500000| PB 0x0000000084500000| Untracked 
|  70|0x0000000084600000, 0x0000000084700000, 0x0000000084700000|100%| O|  |TAMS 0x0000000084600000| PB 0x0000000084600000| Untracked 
|  71|0x0000000084700000, 0x0000000084800000, 0x0000000084800000|100%| O|  |TAMS 0x0000000084700000| PB 0x0000000084700000| Untracked 
|  72|0x0000000084800000, 0x0000000084900000, 0x0000000084900000|100%| O|  |TAMS 0x0000000084800000| PB 0x0000000084800000| Untracked 
|  73|0x0000000084900000, 0x0000000084a00000, 0x0000000084a00000|100%| O|  |TAMS 0x0000000084900000| PB 0x0000000084900000| Untracked 
|  74|0x0000000084a00000, 0x0000000084b00000, 0x0000000084b00000|100%| O|  |TAMS 0x0000000084a00000| PB 0x0000000084a00000| Untracked 
|  75|0x0000000084b00000, 0x0000000084c00000, 0x0000000084c00000|100%| O|  |TAMS 0x0000000084b00000| PB 0x0000000084b00000| Untracked 
|  76|0x0000000084c00000, 0x0000000084d00000, 0x0000000084d00000|100%| O|  |TAMS 0x0000000084c00000| PB 0x0000000084c00000| Untracked 
|  77|0x0000000084d00000, 0x0000000084e00000, 0x0000000084e00000|100%| O|  |TAMS 0x0000000084d00000| PB 0x0000000084d00000| Untracked 
|  78|0x0000000084e00000, 0x0000000084f00000, 0x0000000084f00000|100%| O|  |TAMS 0x0000000084e00000| PB 0x0000000084e00000| Untracked 
|  79|0x0000000084f00000, 0x0000000085000000, 0x0000000085000000|100%| O|  |TAMS 0x0000000084f00000| PB 0x0000000084f00000| Untracked 
|  80|0x0000000085000000, 0x0000000085100000, 0x0000000085100000|100%| O|  |TAMS 0x0000000085000000| PB 0x0000000085000000| Untracked 
|  81|0x0000000085100000, 0x0000000085200000, 0x0000000085200000|100%| O|  |TAMS 0x0000000085100000| PB 0x0000000085100000| Untracked 
|  82|0x0000000085200000, 0x0000000085300000, 0x0000000085300000|100%| O|  |TAMS 0x0000000085200000| PB 0x0000000085200000| Untracked 
|  83|0x0000000085300000, 0x0000000085300000, 0x0000000085400000|  0%| F|  |TAMS 0x0000000085300000| PB 0x0000000085300000| Untracked 
|  84|0x0000000085400000, 0x0000000085500000, 0x0000000085500000|100%| O|  |TAMS 0x0000000085400000| PB 0x0000000085400000| Untracked 
|  85|0x0000000085500000, 0x0000000085500000, 0x0000000085600000|  0%| F|  |TAMS 0x0000000085500000| PB 0x0000000085500000| Untracked 
|  86|0x0000000085600000, 0x00000000856ba500, 0x0000000085700000| 72%| O|  |TAMS 0x0000000085600000| PB 0x0000000085600000| Untracked 
|  87|0x0000000085700000, 0x0000000085700000, 0x0000000085800000|  0%| F|  |TAMS 0x0000000085700000| PB 0x0000000085700000| Untracked 
|  88|0x0000000085800000, 0x0000000085800000, 0x0000000085900000|  0%| F|  |TAMS 0x0000000085800000| PB 0x0000000085800000| Untracked 
|  89|0x0000000085900000, 0x0000000085a00000, 0x0000000085a00000|100%| O|  |TAMS 0x0000000085900000| PB 0x0000000085900000| Untracked 
|  90|0x0000000085a00000, 0x0000000085b00000, 0x0000000085b00000|100%| O|  |TAMS 0x0000000085a00000| PB 0x0000000085a00000| Untracked 
|  91|0x0000000085b00000, 0x0000000085b00000, 0x0000000085c00000|  0%| F|  |TAMS 0x0000000085b00000| PB 0x0000000085b00000| Untracked 
|  92|0x0000000085c00000, 0x0000000085c00000, 0x0000000085d00000|  0%| F|  |TAMS 0x0000000085c00000| PB 0x0000000085c00000| Untracked 
|  93|0x0000000085d00000, 0x0000000085e00000, 0x0000000085e00000|100%|HS|  |TAMS 0x0000000085d00000| PB 0x0000000085d00000| Complete 
|  94|0x0000000085e00000, 0x0000000085f00000, 0x0000000085f00000|100%|HC|  |TAMS 0x0000000085e00000| PB 0x0000000085e00000| Complete 
|  95|0x0000000085f00000, 0x0000000086000000, 0x0000000086000000|100%|HC|  |TAMS 0x0000000085f00000| PB 0x0000000085f00000| Complete 
|  96|0x0000000086000000, 0x0000000086100000, 0x0000000086100000|100%|HC|  |TAMS 0x0000000086000000| PB 0x0000000086000000| Complete 
|  97|0x0000000086100000, 0x0000000086200000, 0x0000000086200000|100%|HC|  |TAMS 0x0000000086100000| PB 0x0000000086100000| Complete 
|  98|0x0000000086200000, 0x0000000086300000, 0x0000000086300000|100%|HC|  |TAMS 0x0000000086200000| PB 0x0000000086200000| Complete 
|  99|0x0000000086300000, 0x0000000086300000, 0x0000000086400000|  0%| F|  |TAMS 0x0000000086300000| PB 0x0000000086300000| Untracked 
| 100|0x0000000086400000, 0x0000000086400000, 0x0000000086500000|  0%| F|  |TAMS 0x0000000086400000| PB 0x0000000086400000| Untracked 
| 101|0x0000000086500000, 0x0000000086600000, 0x0000000086600000|100%|HS|  |TAMS 0x0000000086500000| PB 0x0000000086500000| Complete 
| 102|0x0000000086600000, 0x0000000086600000, 0x0000000086700000|  0%| F|  |TAMS 0x0000000086600000| PB 0x0000000086600000| Untracked 
| 103|0x0000000086700000, 0x0000000086800000, 0x0000000086800000|100%| O|  |TAMS 0x0000000086700000| PB 0x0000000086700000| Untracked 
| 104|0x0000000086800000, 0x0000000086800000, 0x0000000086900000|  0%| F|  |TAMS 0x0000000086800000| PB 0x0000000086800000| Untracked 
| 105|0x0000000086900000, 0x0000000086a00000, 0x0000000086a00000|100%| O|  |TAMS 0x0000000086900000| PB 0x0000000086900000| Untracked 
| 106|0x0000000086a00000, 0x0000000086b00000, 0x0000000086b00000|100%| O|  |TAMS 0x0000000086a00000| PB 0x0000000086a00000| Untracked 
| 107|0x0000000086b00000, 0x0000000086c00000, 0x0000000086c00000|100%| O|  |TAMS 0x0000000086b00000| PB 0x0000000086b00000| Untracked 
| 108|0x0000000086c00000, 0x0000000086c00000, 0x0000000086d00000|  0%| F|  |TAMS 0x0000000086c00000| PB 0x0000000086c00000| Untracked 
| 109|0x0000000086d00000, 0x0000000086e00000, 0x0000000086e00000|100%| O|  |TAMS 0x0000000086d00000| PB 0x0000000086d00000| Untracked 
| 110|0x0000000086e00000, 0x0000000086f00000, 0x0000000086f00000|100%| O|  |TAMS 0x0000000086e00000| PB 0x0000000086e00000| Untracked 
| 111|0x0000000086f00000, 0x0000000087000000, 0x0000000087000000|100%| O|  |TAMS 0x0000000086f00000| PB 0x0000000086f00000| Untracked 
| 112|0x0000000087000000, 0x0000000087100000, 0x0000000087100000|100%| O|  |TAMS 0x0000000087000000| PB 0x0000000087000000| Untracked 
| 113|0x0000000087100000, 0x0000000087200000, 0x0000000087200000|100%| O|  |TAMS 0x0000000087100000| PB 0x0000000087100000| Untracked 
| 114|0x0000000087200000, 0x0000000087300000, 0x0000000087300000|100%| O|  |TAMS 0x0000000087200000| PB 0x0000000087200000| Untracked 
| 115|0x0000000087300000, 0x0000000087400000, 0x0000000087400000|100%| O|  |TAMS 0x0000000087300000| PB 0x0000000087300000| Untracked 
| 116|0x0000000087400000, 0x0000000087500000, 0x0000000087500000|100%| O|  |TAMS 0x0000000087400000| PB 0x0000000087400000| Untracked 
| 117|0x0000000087500000, 0x0000000087600000, 0x0000000087600000|100%| O|  |TAMS 0x0000000087500000| PB 0x0000000087500000| Untracked 
| 118|0x0000000087600000, 0x0000000087700000, 0x0000000087700000|100%| O|  |TAMS 0x0000000087600000| PB 0x0000000087600000| Untracked 
| 119|0x0000000087700000, 0x0000000087800000, 0x0000000087800000|100%| O|  |TAMS 0x0000000087700000| PB 0x0000000087700000| Untracked 
| 120|0x0000000087800000, 0x0000000087900000, 0x0000000087900000|100%| O|  |TAMS 0x0000000087800000| PB 0x0000000087800000| Untracked 
| 121|0x0000000087900000, 0x0000000087a00000, 0x0000000087a00000|100%| O|  |TAMS 0x0000000087900000| PB 0x0000000087900000| Untracked 
| 122|0x0000000087a00000, 0x0000000087b00000, 0x0000000087b00000|100%| O|  |TAMS 0x0000000087a00000| PB 0x0000000087a00000| Untracked 
| 123|0x0000000087b00000, 0x0000000087c00000, 0x0000000087c00000|100%| O|  |TAMS 0x0000000087b00000| PB 0x0000000087b00000| Untracked 
| 124|0x0000000087c00000, 0x0000000087d00000, 0x0000000087d00000|100%| O|  |TAMS 0x0000000087c00000| PB 0x0000000087c00000| Untracked 
| 125|0x0000000087d00000, 0x0000000087e00000, 0x0000000087e00000|100%| O|  |TAMS 0x0000000087d00000| PB 0x0000000087d00000| Untracked 
| 126|0x0000000087e00000, 0x0000000087f00000, 0x0000000087f00000|100%| O|  |TAMS 0x0000000087e00000| PB 0x0000000087e00000| Untracked 
| 127|0x0000000087f00000, 0x0000000088000000, 0x0000000088000000|100%| O|  |TAMS 0x0000000087f00000| PB 0x0000000087f00000| Untracked 
| 128|0x0000000088000000, 0x0000000088100000, 0x0000000088100000|100%| O|  |TAMS 0x0000000088000000| PB 0x0000000088000000| Untracked 
| 129|0x0000000088100000, 0x0000000088200000, 0x0000000088200000|100%| O|  |TAMS 0x0000000088100000| PB 0x0000000088100000| Untracked 
| 130|0x0000000088200000, 0x0000000088300000, 0x0000000088300000|100%| O|  |TAMS 0x0000000088200000| PB 0x0000000088200000| Untracked 
| 131|0x0000000088300000, 0x0000000088400000, 0x0000000088400000|100%| O|  |TAMS 0x0000000088300000| PB 0x0000000088300000| Untracked 
| 132|0x0000000088400000, 0x0000000088500000, 0x0000000088500000|100%| O|  |TAMS 0x0000000088400000| PB 0x0000000088400000| Untracked 
| 133|0x0000000088500000, 0x0000000088500000, 0x0000000088600000|  0%| F|  |TAMS 0x0000000088500000| PB 0x0000000088500000| Untracked 
| 134|0x0000000088600000, 0x0000000088600000, 0x0000000088700000|  0%| F|  |TAMS 0x0000000088600000| PB 0x0000000088600000| Untracked 
| 135|0x0000000088700000, 0x0000000088700000, 0x0000000088800000|  0%| F|  |TAMS 0x0000000088700000| PB 0x0000000088700000| Untracked 
| 136|0x0000000088800000, 0x0000000088800000, 0x0000000088900000|  0%| F|  |TAMS 0x0000000088800000| PB 0x0000000088800000| Untracked 
| 137|0x0000000088900000, 0x0000000088900000, 0x0000000088a00000|  0%| F|  |TAMS 0x0000000088900000| PB 0x0000000088900000| Untracked 
| 138|0x0000000088a00000, 0x0000000088a00000, 0x0000000088b00000|  0%| F|  |TAMS 0x0000000088a00000| PB 0x0000000088a00000| Untracked 
| 139|0x0000000088b00000, 0x0000000088b00000, 0x0000000088c00000|  0%| F|  |TAMS 0x0000000088b00000| PB 0x0000000088b00000| Untracked 
| 140|0x0000000088c00000, 0x0000000088ceb158, 0x0000000088d00000| 91%| S|CS|TAMS 0x0000000088c00000| PB 0x0000000088c00000| Complete 
| 141|0x0000000088d00000, 0x0000000088d00000, 0x0000000088e00000|  0%| F|  |TAMS 0x0000000088d00000| PB 0x0000000088d00000| Untracked 
| 142|0x0000000088e00000, 0x0000000088f00000, 0x0000000088f00000|100%| S|CS|TAMS 0x0000000088e00000| PB 0x0000000088e00000| Complete 
| 143|0x0000000088f00000, 0x0000000088f00000, 0x0000000089000000|  0%| F|  |TAMS 0x0000000088f00000| PB 0x0000000088f00000| Untracked 
| 144|0x0000000089000000, 0x0000000089100000, 0x0000000089100000|100%| S|CS|TAMS 0x0000000089000000| PB 0x0000000089000000| Complete 
| 145|0x0000000089100000, 0x0000000089200000, 0x0000000089200000|100%| S|CS|TAMS 0x0000000089100000| PB 0x0000000089100000| Complete 
| 146|0x0000000089200000, 0x0000000089200000, 0x0000000089300000|  0%| F|  |TAMS 0x0000000089200000| PB 0x0000000089200000| Untracked 
| 147|0x0000000089300000, 0x0000000089400000, 0x0000000089400000|100%| S|CS|TAMS 0x0000000089300000| PB 0x0000000089300000| Complete 
| 148|0x0000000089400000, 0x0000000089500000, 0x0000000089500000|100%| S|CS|TAMS 0x0000000089400000| PB 0x0000000089400000| Complete 
| 149|0x0000000089500000, 0x0000000089600000, 0x0000000089600000|100%| S|CS|TAMS 0x0000000089500000| PB 0x0000000089500000| Complete 
| 150|0x0000000089600000, 0x0000000089700000, 0x0000000089700000|100%| S|CS|TAMS 0x0000000089600000| PB 0x0000000089600000| Complete 
| 151|0x0000000089700000, 0x0000000089800000, 0x0000000089800000|100%|HS|  |TAMS 0x0000000089700000| PB 0x0000000089700000| Complete 
| 152|0x0000000089800000, 0x0000000089900000, 0x0000000089900000|100%|HC|  |TAMS 0x0000000089800000| PB 0x0000000089800000| Complete 
| 153|0x0000000089900000, 0x0000000089a00000, 0x0000000089a00000|100%|HC|  |TAMS 0x0000000089900000| PB 0x0000000089900000| Complete 
| 154|0x0000000089a00000, 0x0000000089b00000, 0x0000000089b00000|100%|HC|  |TAMS 0x0000000089a00000| PB 0x0000000089a00000| Complete 
| 155|0x0000000089b00000, 0x0000000089b00000, 0x0000000089c00000|  0%| F|  |TAMS 0x0000000089b00000| PB 0x0000000089b00000| Untracked 
| 156|0x0000000089c00000, 0x0000000089c00000, 0x0000000089d00000|  0%| F|  |TAMS 0x0000000089c00000| PB 0x0000000089c00000| Untracked 
| 157|0x0000000089d00000, 0x0000000089d00000, 0x0000000089e00000|  0%| F|  |TAMS 0x0000000089d00000| PB 0x0000000089d00000| Untracked 
| 158|0x0000000089e00000, 0x0000000089e00000, 0x0000000089f00000|  0%| F|  |TAMS 0x0000000089e00000| PB 0x0000000089e00000| Untracked 
| 159|0x0000000089f00000, 0x000000008a000000, 0x000000008a000000|100%| S|CS|TAMS 0x0000000089f00000| PB 0x0000000089f00000| Complete 
| 160|0x000000008a000000, 0x000000008a100000, 0x000000008a100000|100%| S|CS|TAMS 0x000000008a000000| PB 0x000000008a000000| Complete 
| 161|0x000000008a100000, 0x000000008a100000, 0x000000008a200000|  0%| F|  |TAMS 0x000000008a100000| PB 0x000000008a100000| Untracked 
| 162|0x000000008a200000, 0x000000008a200000, 0x000000008a300000|  0%| F|  |TAMS 0x000000008a200000| PB 0x000000008a200000| Untracked 
| 163|0x000000008a300000, 0x000000008a300000, 0x000000008a400000|  0%| F|  |TAMS 0x000000008a300000| PB 0x000000008a300000| Untracked 
| 164|0x000000008a400000, 0x000000008a500000, 0x000000008a500000|100%| S|CS|TAMS 0x000000008a400000| PB 0x000000008a400000| Complete 
| 165|0x000000008a500000, 0x000000008a500000, 0x000000008a600000|  0%| F|  |TAMS 0x000000008a500000| PB 0x000000008a500000| Untracked 
| 166|0x000000008a600000, 0x000000008a600000, 0x000000008a700000|  0%| F|  |TAMS 0x000000008a600000| PB 0x000000008a600000| Untracked 
| 167|0x000000008a700000, 0x000000008a700000, 0x000000008a800000|  0%| F|  |TAMS 0x000000008a700000| PB 0x000000008a700000| Untracked 
| 168|0x000000008a800000, 0x000000008a800000, 0x000000008a900000|  0%| F|  |TAMS 0x000000008a800000| PB 0x000000008a800000| Untracked 
| 169|0x000000008a900000, 0x000000008a900000, 0x000000008aa00000|  0%| F|  |TAMS 0x000000008a900000| PB 0x000000008a900000| Untracked 
| 170|0x000000008aa00000, 0x000000008aa00000, 0x000000008ab00000|  0%| F|  |TAMS 0x000000008aa00000| PB 0x000000008aa00000| Untracked 
| 171|0x000000008ab00000, 0x000000008ab00000, 0x000000008ac00000|  0%| F|  |TAMS 0x000000008ab00000| PB 0x000000008ab00000| Untracked 
| 172|0x000000008ac00000, 0x000000008ac00000, 0x000000008ad00000|  0%| F|  |TAMS 0x000000008ac00000| PB 0x000000008ac00000| Untracked 
| 173|0x000000008ad00000, 0x000000008ad00000, 0x000000008ae00000|  0%| F|  |TAMS 0x000000008ad00000| PB 0x000000008ad00000| Untracked 
| 174|0x000000008ae00000, 0x000000008ae00000, 0x000000008af00000|  0%| F|  |TAMS 0x000000008ae00000| PB 0x000000008ae00000| Untracked 
| 175|0x000000008af00000, 0x000000008af00000, 0x000000008b000000|  0%| F|  |TAMS 0x000000008af00000| PB 0x000000008af00000| Untracked 
| 176|0x000000008b000000, 0x000000008b000000, 0x000000008b100000|  0%| F|  |TAMS 0x000000008b000000| PB 0x000000008b000000| Untracked 
| 177|0x000000008b100000, 0x000000008b100000, 0x000000008b200000|  0%| F|  |TAMS 0x000000008b100000| PB 0x000000008b100000| Untracked 
| 178|0x000000008b200000, 0x000000008b200000, 0x000000008b300000|  0%| F|  |TAMS 0x000000008b200000| PB 0x000000008b200000| Untracked 
| 179|0x000000008b300000, 0x000000008b300000, 0x000000008b400000|  0%| F|  |TAMS 0x000000008b300000| PB 0x000000008b300000| Untracked 
| 180|0x000000008b400000, 0x000000008b400000, 0x000000008b500000|  0%| F|  |TAMS 0x000000008b400000| PB 0x000000008b400000| Untracked 
| 181|0x000000008b500000, 0x000000008b500000, 0x000000008b600000|  0%| F|  |TAMS 0x000000008b500000| PB 0x000000008b500000| Untracked 
| 182|0x000000008b600000, 0x000000008b600000, 0x000000008b700000|  0%| F|  |TAMS 0x000000008b600000| PB 0x000000008b600000| Untracked 
| 183|0x000000008b700000, 0x000000008b700000, 0x000000008b800000|  0%| F|  |TAMS 0x000000008b700000| PB 0x000000008b700000| Untracked 
| 184|0x000000008b800000, 0x000000008b800000, 0x000000008b900000|  0%| F|  |TAMS 0x000000008b800000| PB 0x000000008b800000| Untracked 
| 185|0x000000008b900000, 0x000000008b900000, 0x000000008ba00000|  0%| F|  |TAMS 0x000000008b900000| PB 0x000000008b900000| Untracked 
| 186|0x000000008ba00000, 0x000000008ba00000, 0x000000008bb00000|  0%| F|  |TAMS 0x000000008ba00000| PB 0x000000008ba00000| Untracked 
| 187|0x000000008bb00000, 0x000000008bb00000, 0x000000008bc00000|  0%| F|  |TAMS 0x000000008bb00000| PB 0x000000008bb00000| Untracked 
| 188|0x000000008bc00000, 0x000000008bc00000, 0x000000008bd00000|  0%| F|  |TAMS 0x000000008bc00000| PB 0x000000008bc00000| Untracked 
| 189|0x000000008bd00000, 0x000000008bd00000, 0x000000008be00000|  0%| F|  |TAMS 0x000000008bd00000| PB 0x000000008bd00000| Untracked 
| 190|0x000000008be00000, 0x000000008be00000, 0x000000008bf00000|  0%| F|  |TAMS 0x000000008be00000| PB 0x000000008be00000| Untracked 
| 191|0x000000008bf00000, 0x000000008bf00000, 0x000000008c000000|  0%| F|  |TAMS 0x000000008bf00000| PB 0x000000008bf00000| Untracked 
| 192|0x000000008c000000, 0x000000008c000000, 0x000000008c100000|  0%| F|  |TAMS 0x000000008c000000| PB 0x000000008c000000| Untracked 
| 193|0x000000008c100000, 0x000000008c100000, 0x000000008c200000|  0%| F|  |TAMS 0x000000008c100000| PB 0x000000008c100000| Untracked 
| 194|0x000000008c200000, 0x000000008c200000, 0x000000008c300000|  0%| F|  |TAMS 0x000000008c200000| PB 0x000000008c200000| Untracked 
| 195|0x000000008c300000, 0x000000008c300000, 0x000000008c400000|  0%| F|  |TAMS 0x000000008c300000| PB 0x000000008c300000| Untracked 
| 196|0x000000008c400000, 0x000000008c400000, 0x000000008c500000|  0%| F|  |TAMS 0x000000008c400000| PB 0x000000008c400000| Untracked 
| 197|0x000000008c500000, 0x000000008c500000, 0x000000008c600000|  0%| F|  |TAMS 0x000000008c500000| PB 0x000000008c500000| Untracked 
| 198|0x000000008c600000, 0x000000008c600000, 0x000000008c700000|  0%| F|  |TAMS 0x000000008c600000| PB 0x000000008c600000| Untracked 
| 199|0x000000008c700000, 0x000000008c700000, 0x000000008c800000|  0%| F|  |TAMS 0x000000008c700000| PB 0x000000008c700000| Untracked 
| 200|0x000000008c800000, 0x000000008c800000, 0x000000008c900000|  0%| F|  |TAMS 0x000000008c800000| PB 0x000000008c800000| Untracked 
| 201|0x000000008c900000, 0x000000008c900000, 0x000000008ca00000|  0%| F|  |TAMS 0x000000008c900000| PB 0x000000008c900000| Untracked 
| 202|0x000000008ca00000, 0x000000008ca00000, 0x000000008cb00000|  0%| F|  |TAMS 0x000000008ca00000| PB 0x000000008ca00000| Untracked 
| 203|0x000000008cb00000, 0x000000008cb00000, 0x000000008cc00000|  0%| F|  |TAMS 0x000000008cb00000| PB 0x000000008cb00000| Untracked 
| 204|0x000000008cc00000, 0x000000008cc00000, 0x000000008cd00000|  0%| F|  |TAMS 0x000000008cc00000| PB 0x000000008cc00000| Untracked 
| 205|0x000000008cd00000, 0x000000008cd00000, 0x000000008ce00000|  0%| F|  |TAMS 0x000000008cd00000| PB 0x000000008cd00000| Untracked 
| 206|0x000000008ce00000, 0x000000008ce00000, 0x000000008cf00000|  0%| F|  |TAMS 0x000000008ce00000| PB 0x000000008ce00000| Untracked 
| 207|0x000000008cf00000, 0x000000008cf00000, 0x000000008d000000|  0%| F|  |TAMS 0x000000008cf00000| PB 0x000000008cf00000| Untracked 
| 208|0x000000008d000000, 0x000000008d000000, 0x000000008d100000|  0%| F|  |TAMS 0x000000008d000000| PB 0x000000008d000000| Untracked 
| 209|0x000000008d100000, 0x000000008d100000, 0x000000008d200000|  0%| F|  |TAMS 0x000000008d100000| PB 0x000000008d100000| Untracked 
| 210|0x000000008d200000, 0x000000008d200000, 0x000000008d300000|  0%| F|  |TAMS 0x000000008d200000| PB 0x000000008d200000| Untracked 
| 211|0x000000008d300000, 0x000000008d300000, 0x000000008d400000|  0%| F|  |TAMS 0x000000008d300000| PB 0x000000008d300000| Untracked 
| 212|0x000000008d400000, 0x000000008d400000, 0x000000008d500000|  0%| F|  |TAMS 0x000000008d400000| PB 0x000000008d400000| Untracked 
| 213|0x000000008d500000, 0x000000008d500000, 0x000000008d600000|  0%| F|  |TAMS 0x000000008d500000| PB 0x000000008d500000| Untracked 
| 214|0x000000008d600000, 0x000000008d600000, 0x000000008d700000|  0%| F|  |TAMS 0x000000008d600000| PB 0x000000008d600000| Untracked 
| 215|0x000000008d700000, 0x000000008d700000, 0x000000008d800000|  0%| F|  |TAMS 0x000000008d700000| PB 0x000000008d700000| Untracked 
| 216|0x000000008d800000, 0x000000008d800000, 0x000000008d900000|  0%| F|  |TAMS 0x000000008d800000| PB 0x000000008d800000| Untracked 
| 217|0x000000008d900000, 0x000000008d900000, 0x000000008da00000|  0%| F|  |TAMS 0x000000008d900000| PB 0x000000008d900000| Untracked 
| 218|0x000000008da00000, 0x000000008da00000, 0x000000008db00000|  0%| F|  |TAMS 0x000000008da00000| PB 0x000000008da00000| Untracked 
| 219|0x000000008db00000, 0x000000008db00000, 0x000000008dc00000|  0%| F|  |TAMS 0x000000008db00000| PB 0x000000008db00000| Untracked 
| 220|0x000000008dc00000, 0x000000008dc00000, 0x000000008dd00000|  0%| F|  |TAMS 0x000000008dc00000| PB 0x000000008dc00000| Untracked 
| 221|0x000000008dd00000, 0x000000008dd00000, 0x000000008de00000|  0%| F|  |TAMS 0x000000008dd00000| PB 0x000000008dd00000| Untracked 
| 222|0x000000008de00000, 0x000000008de00000, 0x000000008df00000|  0%| F|  |TAMS 0x000000008de00000| PB 0x000000008de00000| Untracked 
| 223|0x000000008df00000, 0x000000008df00000, 0x000000008e000000|  0%| F|  |TAMS 0x000000008df00000| PB 0x000000008df00000| Untracked 
| 224|0x000000008e000000, 0x000000008e000000, 0x000000008e100000|  0%| F|  |TAMS 0x000000008e000000| PB 0x000000008e000000| Untracked 
| 225|0x000000008e100000, 0x000000008e100000, 0x000000008e200000|  0%| F|  |TAMS 0x000000008e100000| PB 0x000000008e100000| Untracked 
| 226|0x000000008e200000, 0x000000008e200000, 0x000000008e300000|  0%| F|  |TAMS 0x000000008e200000| PB 0x000000008e200000| Untracked 
| 227|0x000000008e300000, 0x000000008e300000, 0x000000008e400000|  0%| F|  |TAMS 0x000000008e300000| PB 0x000000008e300000| Untracked 
| 228|0x000000008e400000, 0x000000008e400000, 0x000000008e500000|  0%| F|  |TAMS 0x000000008e400000| PB 0x000000008e400000| Untracked 
| 229|0x000000008e500000, 0x000000008e500000, 0x000000008e600000|  0%| F|  |TAMS 0x000000008e500000| PB 0x000000008e500000| Untracked 
| 230|0x000000008e600000, 0x000000008e600000, 0x000000008e700000|  0%| F|  |TAMS 0x000000008e600000| PB 0x000000008e600000| Untracked 
| 231|0x000000008e700000, 0x000000008e700000, 0x000000008e800000|  0%| F|  |TAMS 0x000000008e700000| PB 0x000000008e700000| Untracked 
| 232|0x000000008e800000, 0x000000008e800000, 0x000000008e900000|  0%| F|  |TAMS 0x000000008e800000| PB 0x000000008e800000| Untracked 
| 233|0x000000008e900000, 0x000000008e900000, 0x000000008ea00000|  0%| F|  |TAMS 0x000000008e900000| PB 0x000000008e900000| Untracked 
| 234|0x000000008ea00000, 0x000000008ea00000, 0x000000008eb00000|  0%| F|  |TAMS 0x000000008ea00000| PB 0x000000008ea00000| Untracked 
| 235|0x000000008eb00000, 0x000000008eb00000, 0x000000008ec00000|  0%| F|  |TAMS 0x000000008eb00000| PB 0x000000008eb00000| Untracked 
| 236|0x000000008ec00000, 0x000000008ec00000, 0x000000008ed00000|  0%| F|  |TAMS 0x000000008ec00000| PB 0x000000008ec00000| Untracked 
| 237|0x000000008ed00000, 0x000000008ed00000, 0x000000008ee00000|  0%| F|  |TAMS 0x000000008ed00000| PB 0x000000008ed00000| Untracked 
| 238|0x000000008ee00000, 0x000000008ee00000, 0x000000008ef00000|  0%| F|  |TAMS 0x000000008ee00000| PB 0x000000008ee00000| Untracked 
| 239|0x000000008ef00000, 0x000000008ef00000, 0x000000008f000000|  0%| F|  |TAMS 0x000000008ef00000| PB 0x000000008ef00000| Untracked 
| 240|0x000000008f000000, 0x000000008f000000, 0x000000008f100000|  0%| F|  |TAMS 0x000000008f000000| PB 0x000000008f000000| Untracked 
| 241|0x000000008f100000, 0x000000008f100000, 0x000000008f200000|  0%| F|  |TAMS 0x000000008f100000| PB 0x000000008f100000| Untracked 
| 242|0x000000008f200000, 0x000000008f200000, 0x000000008f300000|  0%| F|  |TAMS 0x000000008f200000| PB 0x000000008f200000| Untracked 
| 243|0x000000008f300000, 0x000000008f300000, 0x000000008f400000|  0%| F|  |TAMS 0x000000008f300000| PB 0x000000008f300000| Untracked 
| 244|0x000000008f400000, 0x000000008f400000, 0x000000008f500000|  0%| F|  |TAMS 0x000000008f400000| PB 0x000000008f400000| Untracked 
| 245|0x000000008f500000, 0x000000008f500000, 0x000000008f600000|  0%| F|  |TAMS 0x000000008f500000| PB 0x000000008f500000| Untracked 
| 246|0x000000008f600000, 0x000000008f600000, 0x000000008f700000|  0%| F|  |TAMS 0x000000008f600000| PB 0x000000008f600000| Untracked 
| 247|0x000000008f700000, 0x000000008f700000, 0x000000008f800000|  0%| F|  |TAMS 0x000000008f700000| PB 0x000000008f700000| Untracked 
| 248|0x000000008f800000, 0x000000008f800000, 0x000000008f900000|  0%| F|  |TAMS 0x000000008f800000| PB 0x000000008f800000| Untracked 
| 249|0x000000008f900000, 0x000000008f900000, 0x000000008fa00000|  0%| F|  |TAMS 0x000000008f900000| PB 0x000000008f900000| Untracked 
| 250|0x000000008fa00000, 0x000000008fa00000, 0x000000008fb00000|  0%| F|  |TAMS 0x000000008fa00000| PB 0x000000008fa00000| Untracked 
| 251|0x000000008fb00000, 0x000000008fb00000, 0x000000008fc00000|  0%| F|  |TAMS 0x000000008fb00000| PB 0x000000008fb00000| Untracked 
| 252|0x000000008fc00000, 0x000000008fc00000, 0x000000008fd00000|  0%| F|  |TAMS 0x000000008fc00000| PB 0x000000008fc00000| Untracked 
| 253|0x000000008fd00000, 0x000000008fd00000, 0x000000008fe00000|  0%| F|  |TAMS 0x000000008fd00000| PB 0x000000008fd00000| Untracked 
| 254|0x000000008fe00000, 0x000000008fe00000, 0x000000008ff00000|  0%| F|  |TAMS 0x000000008fe00000| PB 0x000000008fe00000| Untracked 
| 255|0x000000008ff00000, 0x000000008ff00000, 0x0000000090000000|  0%| F|  |TAMS 0x000000008ff00000| PB 0x000000008ff00000| Untracked 
| 256|0x0000000090000000, 0x0000000090000000, 0x0000000090100000|  0%| F|  |TAMS 0x0000000090000000| PB 0x0000000090000000| Untracked 
| 257|0x0000000090100000, 0x0000000090100000, 0x0000000090200000|  0%| F|  |TAMS 0x0000000090100000| PB 0x0000000090100000| Untracked 
| 258|0x0000000090200000, 0x0000000090200000, 0x0000000090300000|  0%| F|  |TAMS 0x0000000090200000| PB 0x0000000090200000| Untracked 
| 259|0x0000000090300000, 0x0000000090300000, 0x0000000090400000|  0%| F|  |TAMS 0x0000000090300000| PB 0x0000000090300000| Untracked 
| 260|0x0000000090400000, 0x0000000090400000, 0x0000000090500000|  0%| F|  |TAMS 0x0000000090400000| PB 0x0000000090400000| Untracked 
| 261|0x0000000090500000, 0x0000000090500000, 0x0000000090600000|  0%| F|  |TAMS 0x0000000090500000| PB 0x0000000090500000| Untracked 
| 262|0x0000000090600000, 0x0000000090600000, 0x0000000090700000|  0%| F|  |TAMS 0x0000000090600000| PB 0x0000000090600000| Untracked 
| 263|0x0000000090700000, 0x0000000090700000, 0x0000000090800000|  0%| F|  |TAMS 0x0000000090700000| PB 0x0000000090700000| Untracked 
| 264|0x0000000090800000, 0x0000000090800000, 0x0000000090900000|  0%| F|  |TAMS 0x0000000090800000| PB 0x0000000090800000| Untracked 
| 265|0x0000000090900000, 0x0000000090900000, 0x0000000090a00000|  0%| F|  |TAMS 0x0000000090900000| PB 0x0000000090900000| Untracked 
| 266|0x0000000090a00000, 0x0000000090a00000, 0x0000000090b00000|  0%| F|  |TAMS 0x0000000090a00000| PB 0x0000000090a00000| Untracked 
| 267|0x0000000090b00000, 0x0000000090b00000, 0x0000000090c00000|  0%| F|  |TAMS 0x0000000090b00000| PB 0x0000000090b00000| Untracked 
| 268|0x0000000090c00000, 0x0000000090c00000, 0x0000000090d00000|  0%| F|  |TAMS 0x0000000090c00000| PB 0x0000000090c00000| Untracked 
| 269|0x0000000090d00000, 0x0000000090d00000, 0x0000000090e00000|  0%| F|  |TAMS 0x0000000090d00000| PB 0x0000000090d00000| Untracked 
| 270|0x0000000090e00000, 0x0000000090e00000, 0x0000000090f00000|  0%| F|  |TAMS 0x0000000090e00000| PB 0x0000000090e00000| Untracked 
| 271|0x0000000090f00000, 0x0000000090f00000, 0x0000000091000000|  0%| F|  |TAMS 0x0000000090f00000| PB 0x0000000090f00000| Untracked 
| 272|0x0000000091000000, 0x0000000091000000, 0x0000000091100000|  0%| F|  |TAMS 0x0000000091000000| PB 0x0000000091000000| Untracked 
| 273|0x0000000091100000, 0x0000000091100000, 0x0000000091200000|  0%| F|  |TAMS 0x0000000091100000| PB 0x0000000091100000| Untracked 
| 274|0x0000000091200000, 0x0000000091200000, 0x0000000091300000|  0%| F|  |TAMS 0x0000000091200000| PB 0x0000000091200000| Untracked 
| 275|0x0000000091300000, 0x0000000091300000, 0x0000000091400000|  0%| F|  |TAMS 0x0000000091300000| PB 0x0000000091300000| Untracked 
| 276|0x0000000091400000, 0x0000000091400000, 0x0000000091500000|  0%| F|  |TAMS 0x0000000091400000| PB 0x0000000091400000| Untracked 
| 277|0x0000000091500000, 0x0000000091500000, 0x0000000091600000|  0%| F|  |TAMS 0x0000000091500000| PB 0x0000000091500000| Untracked 
| 278|0x0000000091600000, 0x0000000091600000, 0x0000000091700000|  0%| F|  |TAMS 0x0000000091600000| PB 0x0000000091600000| Untracked 
| 279|0x0000000091700000, 0x0000000091700000, 0x0000000091800000|  0%| F|  |TAMS 0x0000000091700000| PB 0x0000000091700000| Untracked 
| 280|0x0000000091800000, 0x0000000091800000, 0x0000000091900000|  0%| F|  |TAMS 0x0000000091800000| PB 0x0000000091800000| Untracked 
| 281|0x0000000091900000, 0x0000000091900000, 0x0000000091a00000|  0%| F|  |TAMS 0x0000000091900000| PB 0x0000000091900000| Untracked 
| 282|0x0000000091a00000, 0x0000000091a00000, 0x0000000091b00000|  0%| F|  |TAMS 0x0000000091a00000| PB 0x0000000091a00000| Untracked 
| 283|0x0000000091b00000, 0x0000000091b00000, 0x0000000091c00000|  0%| F|  |TAMS 0x0000000091b00000| PB 0x0000000091b00000| Untracked 
| 284|0x0000000091c00000, 0x0000000091c00000, 0x0000000091d00000|  0%| F|  |TAMS 0x0000000091c00000| PB 0x0000000091c00000| Untracked 
| 285|0x0000000091d00000, 0x0000000091d00000, 0x0000000091e00000|  0%| F|  |TAMS 0x0000000091d00000| PB 0x0000000091d00000| Untracked 
| 286|0x0000000091e00000, 0x0000000091e00000, 0x0000000091f00000|  0%| F|  |TAMS 0x0000000091e00000| PB 0x0000000091e00000| Untracked 
| 287|0x0000000091f00000, 0x0000000091f00000, 0x0000000092000000|  0%| F|  |TAMS 0x0000000091f00000| PB 0x0000000091f00000| Untracked 
| 288|0x0000000092000000, 0x0000000092000000, 0x0000000092100000|  0%| F|  |TAMS 0x0000000092000000| PB 0x0000000092000000| Untracked 
| 289|0x0000000092100000, 0x0000000092100000, 0x0000000092200000|  0%| F|  |TAMS 0x0000000092100000| PB 0x0000000092100000| Untracked 
| 290|0x0000000092200000, 0x0000000092200000, 0x0000000092300000|  0%| F|  |TAMS 0x0000000092200000| PB 0x0000000092200000| Untracked 
| 291|0x0000000092300000, 0x0000000092300000, 0x0000000092400000|  0%| F|  |TAMS 0x0000000092300000| PB 0x0000000092300000| Untracked 
| 292|0x0000000092400000, 0x0000000092400000, 0x0000000092500000|  0%| F|  |TAMS 0x0000000092400000| PB 0x0000000092400000| Untracked 
| 293|0x0000000092500000, 0x0000000092500000, 0x0000000092600000|  0%| F|  |TAMS 0x0000000092500000| PB 0x0000000092500000| Untracked 
| 294|0x0000000092600000, 0x0000000092600000, 0x0000000092700000|  0%| F|  |TAMS 0x0000000092600000| PB 0x0000000092600000| Untracked 
| 295|0x0000000092700000, 0x0000000092700000, 0x0000000092800000|  0%| F|  |TAMS 0x0000000092700000| PB 0x0000000092700000| Untracked 
| 296|0x0000000092800000, 0x0000000092800000, 0x0000000092900000|  0%| F|  |TAMS 0x0000000092800000| PB 0x0000000092800000| Untracked 
| 297|0x0000000092900000, 0x0000000092900000, 0x0000000092a00000|  0%| F|  |TAMS 0x0000000092900000| PB 0x0000000092900000| Untracked 
| 298|0x0000000092a00000, 0x0000000092a00000, 0x0000000092b00000|  0%| F|  |TAMS 0x0000000092a00000| PB 0x0000000092a00000| Untracked 
| 299|0x0000000092b00000, 0x0000000092b00000, 0x0000000092c00000|  0%| F|  |TAMS 0x0000000092b00000| PB 0x0000000092b00000| Untracked 
| 300|0x0000000092c00000, 0x0000000092c00000, 0x0000000092d00000|  0%| F|  |TAMS 0x0000000092c00000| PB 0x0000000092c00000| Untracked 
| 301|0x0000000092d00000, 0x0000000092d00000, 0x0000000092e00000|  0%| F|  |TAMS 0x0000000092d00000| PB 0x0000000092d00000| Untracked 
| 302|0x0000000092e00000, 0x0000000092e00000, 0x0000000092f00000|  0%| F|  |TAMS 0x0000000092e00000| PB 0x0000000092e00000| Untracked 
| 303|0x0000000092f00000, 0x0000000092f00000, 0x0000000093000000|  0%| F|  |TAMS 0x0000000092f00000| PB 0x0000000092f00000| Untracked 
| 304|0x0000000093000000, 0x0000000093000000, 0x0000000093100000|  0%| F|  |TAMS 0x0000000093000000| PB 0x0000000093000000| Untracked 
| 305|0x0000000093100000, 0x0000000093100000, 0x0000000093200000|  0%| F|  |TAMS 0x0000000093100000| PB 0x0000000093100000| Untracked 
| 306|0x0000000093200000, 0x0000000093200000, 0x0000000093300000|  0%| F|  |TAMS 0x0000000093200000| PB 0x0000000093200000| Untracked 
| 307|0x0000000093300000, 0x0000000093300000, 0x0000000093400000|  0%| F|  |TAMS 0x0000000093300000| PB 0x0000000093300000| Untracked 
| 308|0x0000000093400000, 0x0000000093400000, 0x0000000093500000|  0%| F|  |TAMS 0x0000000093400000| PB 0x0000000093400000| Untracked 
| 309|0x0000000093500000, 0x0000000093500000, 0x0000000093600000|  0%| F|  |TAMS 0x0000000093500000| PB 0x0000000093500000| Untracked 
| 310|0x0000000093600000, 0x0000000093600000, 0x0000000093700000|  0%| F|  |TAMS 0x0000000093600000| PB 0x0000000093600000| Untracked 
| 311|0x0000000093700000, 0x0000000093700000, 0x0000000093800000|  0%| F|  |TAMS 0x0000000093700000| PB 0x0000000093700000| Untracked 
| 312|0x0000000093800000, 0x0000000093800000, 0x0000000093900000|  0%| F|  |TAMS 0x0000000093800000| PB 0x0000000093800000| Untracked 
| 313|0x0000000093900000, 0x0000000093900000, 0x0000000093a00000|  0%| F|  |TAMS 0x0000000093900000| PB 0x0000000093900000| Untracked 
| 314|0x0000000093a00000, 0x0000000093a00000, 0x0000000093b00000|  0%| F|  |TAMS 0x0000000093a00000| PB 0x0000000093a00000| Untracked 
| 315|0x0000000093b00000, 0x0000000093b00000, 0x0000000093c00000|  0%| F|  |TAMS 0x0000000093b00000| PB 0x0000000093b00000| Untracked 
| 316|0x0000000093c00000, 0x0000000093c00000, 0x0000000093d00000|  0%| F|  |TAMS 0x0000000093c00000| PB 0x0000000093c00000| Untracked 
| 317|0x0000000093d00000, 0x0000000093d00000, 0x0000000093e00000|  0%| F|  |TAMS 0x0000000093d00000| PB 0x0000000093d00000| Untracked 
| 318|0x0000000093e00000, 0x0000000093e00000, 0x0000000093f00000|  0%| F|  |TAMS 0x0000000093e00000| PB 0x0000000093e00000| Untracked 
| 319|0x0000000093f00000, 0x0000000093f00000, 0x0000000094000000|  0%| F|  |TAMS 0x0000000093f00000| PB 0x0000000093f00000| Untracked 
| 320|0x0000000094000000, 0x0000000094000000, 0x0000000094100000|  0%| F|  |TAMS 0x0000000094000000| PB 0x0000000094000000| Untracked 
| 321|0x0000000094100000, 0x0000000094100000, 0x0000000094200000|  0%| F|  |TAMS 0x0000000094100000| PB 0x0000000094100000| Untracked 
| 322|0x0000000094200000, 0x0000000094200000, 0x0000000094300000|  0%| F|  |TAMS 0x0000000094200000| PB 0x0000000094200000| Untracked 
| 323|0x0000000094300000, 0x0000000094300000, 0x0000000094400000|  0%| F|  |TAMS 0x0000000094300000| PB 0x0000000094300000| Untracked 
| 324|0x0000000094400000, 0x0000000094400000, 0x0000000094500000|  0%| F|  |TAMS 0x0000000094400000| PB 0x0000000094400000| Untracked 
| 325|0x0000000094500000, 0x0000000094500000, 0x0000000094600000|  0%| F|  |TAMS 0x0000000094500000| PB 0x0000000094500000| Untracked 
| 326|0x0000000094600000, 0x0000000094600000, 0x0000000094700000|  0%| F|  |TAMS 0x0000000094600000| PB 0x0000000094600000| Untracked 
| 327|0x0000000094700000, 0x0000000094700000, 0x0000000094800000|  0%| F|  |TAMS 0x0000000094700000| PB 0x0000000094700000| Untracked 
| 328|0x0000000094800000, 0x0000000094800000, 0x0000000094900000|  0%| F|  |TAMS 0x0000000094800000| PB 0x0000000094800000| Untracked 
| 329|0x0000000094900000, 0x0000000094900000, 0x0000000094a00000|  0%| F|  |TAMS 0x0000000094900000| PB 0x0000000094900000| Untracked 
| 330|0x0000000094a00000, 0x0000000094a00000, 0x0000000094b00000|  0%| F|  |TAMS 0x0000000094a00000| PB 0x0000000094a00000| Untracked 
| 331|0x0000000094b00000, 0x0000000094b00000, 0x0000000094c00000|  0%| F|  |TAMS 0x0000000094b00000| PB 0x0000000094b00000| Untracked 
| 332|0x0000000094c00000, 0x0000000094c00000, 0x0000000094d00000|  0%| F|  |TAMS 0x0000000094c00000| PB 0x0000000094c00000| Untracked 
| 333|0x0000000094d00000, 0x0000000094d00000, 0x0000000094e00000|  0%| F|  |TAMS 0x0000000094d00000| PB 0x0000000094d00000| Untracked 
| 334|0x0000000094e00000, 0x0000000094e00000, 0x0000000094f00000|  0%| F|  |TAMS 0x0000000094e00000| PB 0x0000000094e00000| Untracked 
| 335|0x0000000094f00000, 0x0000000094f00000, 0x0000000095000000|  0%| F|  |TAMS 0x0000000094f00000| PB 0x0000000094f00000| Untracked 
| 336|0x0000000095000000, 0x0000000095000000, 0x0000000095100000|  0%| F|  |TAMS 0x0000000095000000| PB 0x0000000095000000| Untracked 
| 337|0x0000000095100000, 0x0000000095100000, 0x0000000095200000|  0%| F|  |TAMS 0x0000000095100000| PB 0x0000000095100000| Untracked 
| 338|0x0000000095200000, 0x0000000095200000, 0x0000000095300000|  0%| F|  |TAMS 0x0000000095200000| PB 0x0000000095200000| Untracked 
| 339|0x0000000095300000, 0x0000000095300000, 0x0000000095400000|  0%| F|  |TAMS 0x0000000095300000| PB 0x0000000095300000| Untracked 
| 340|0x0000000095400000, 0x0000000095400000, 0x0000000095500000|  0%| F|  |TAMS 0x0000000095400000| PB 0x0000000095400000| Untracked 
| 341|0x0000000095500000, 0x0000000095500000, 0x0000000095600000|  0%| F|  |TAMS 0x0000000095500000| PB 0x0000000095500000| Untracked 
| 342|0x0000000095600000, 0x0000000095600000, 0x0000000095700000|  0%| F|  |TAMS 0x0000000095600000| PB 0x0000000095600000| Untracked 
| 343|0x0000000095700000, 0x0000000095700000, 0x0000000095800000|  0%| F|  |TAMS 0x0000000095700000| PB 0x0000000095700000| Untracked 
| 344|0x0000000095800000, 0x0000000095800000, 0x0000000095900000|  0%| F|  |TAMS 0x0000000095800000| PB 0x0000000095800000| Untracked 
| 345|0x0000000095900000, 0x0000000095900000, 0x0000000095a00000|  0%| F|  |TAMS 0x0000000095900000| PB 0x0000000095900000| Untracked 
| 346|0x0000000095a00000, 0x0000000095a00000, 0x0000000095b00000|  0%| F|  |TAMS 0x0000000095a00000| PB 0x0000000095a00000| Untracked 
| 347|0x0000000095b00000, 0x0000000095b00000, 0x0000000095c00000|  0%| F|  |TAMS 0x0000000095b00000| PB 0x0000000095b00000| Untracked 
| 348|0x0000000095c00000, 0x0000000095c00000, 0x0000000095d00000|  0%| F|  |TAMS 0x0000000095c00000| PB 0x0000000095c00000| Untracked 
| 349|0x0000000095d00000, 0x0000000095d00000, 0x0000000095e00000|  0%| F|  |TAMS 0x0000000095d00000| PB 0x0000000095d00000| Untracked 
| 350|0x0000000095e00000, 0x0000000095e00000, 0x0000000095f00000|  0%| F|  |TAMS 0x0000000095e00000| PB 0x0000000095e00000| Untracked 
| 351|0x0000000095f00000, 0x0000000095f00000, 0x0000000096000000|  0%| F|  |TAMS 0x0000000095f00000| PB 0x0000000095f00000| Untracked 
| 352|0x0000000096000000, 0x0000000096000000, 0x0000000096100000|  0%| F|  |TAMS 0x0000000096000000| PB 0x0000000096000000| Untracked 
| 353|0x0000000096100000, 0x0000000096100000, 0x0000000096200000|  0%| F|  |TAMS 0x0000000096100000| PB 0x0000000096100000| Untracked 
| 354|0x0000000096200000, 0x0000000096200000, 0x0000000096300000|  0%| F|  |TAMS 0x0000000096200000| PB 0x0000000096200000| Untracked 
| 355|0x0000000096300000, 0x0000000096300000, 0x0000000096400000|  0%| F|  |TAMS 0x0000000096300000| PB 0x0000000096300000| Untracked 
| 356|0x0000000096400000, 0x0000000096400000, 0x0000000096500000|  0%| F|  |TAMS 0x0000000096400000| PB 0x0000000096400000| Untracked 
| 357|0x0000000096500000, 0x0000000096500000, 0x0000000096600000|  0%| F|  |TAMS 0x0000000096500000| PB 0x0000000096500000| Untracked 
| 358|0x0000000096600000, 0x0000000096600000, 0x0000000096700000|  0%| F|  |TAMS 0x0000000096600000| PB 0x0000000096600000| Untracked 
| 359|0x0000000096700000, 0x0000000096700000, 0x0000000096800000|  0%| F|  |TAMS 0x0000000096700000| PB 0x0000000096700000| Untracked 
| 360|0x0000000096800000, 0x0000000096800000, 0x0000000096900000|  0%| F|  |TAMS 0x0000000096800000| PB 0x0000000096800000| Untracked 
| 361|0x0000000096900000, 0x0000000096900000, 0x0000000096a00000|  0%| F|  |TAMS 0x0000000096900000| PB 0x0000000096900000| Untracked 
| 362|0x0000000096a00000, 0x0000000096a00000, 0x0000000096b00000|  0%| F|  |TAMS 0x0000000096a00000| PB 0x0000000096a00000| Untracked 
| 363|0x0000000096b00000, 0x0000000096b00000, 0x0000000096c00000|  0%| F|  |TAMS 0x0000000096b00000| PB 0x0000000096b00000| Untracked 
| 364|0x0000000096c00000, 0x0000000096c00000, 0x0000000096d00000|  0%| F|  |TAMS 0x0000000096c00000| PB 0x0000000096c00000| Untracked 
| 365|0x0000000096d00000, 0x0000000096d00000, 0x0000000096e00000|  0%| F|  |TAMS 0x0000000096d00000| PB 0x0000000096d00000| Untracked 
| 366|0x0000000096e00000, 0x0000000096e00000, 0x0000000096f00000|  0%| F|  |TAMS 0x0000000096e00000| PB 0x0000000096e00000| Untracked 
| 367|0x0000000096f00000, 0x0000000096f00000, 0x0000000097000000|  0%| F|  |TAMS 0x0000000096f00000| PB 0x0000000096f00000| Untracked 
| 368|0x0000000097000000, 0x0000000097000000, 0x0000000097100000|  0%| F|  |TAMS 0x0000000097000000| PB 0x0000000097000000| Untracked 
| 369|0x0000000097100000, 0x0000000097100000, 0x0000000097200000|  0%| F|  |TAMS 0x0000000097100000| PB 0x0000000097100000| Untracked 
| 370|0x0000000097200000, 0x0000000097200000, 0x0000000097300000|  0%| F|  |TAMS 0x0000000097200000| PB 0x0000000097200000| Untracked 
| 371|0x0000000097300000, 0x0000000097300000, 0x0000000097400000|  0%| F|  |TAMS 0x0000000097300000| PB 0x0000000097300000| Untracked 
| 372|0x0000000097400000, 0x0000000097400000, 0x0000000097500000|  0%| F|  |TAMS 0x0000000097400000| PB 0x0000000097400000| Untracked 
| 373|0x0000000097500000, 0x0000000097500000, 0x0000000097600000|  0%| F|  |TAMS 0x0000000097500000| PB 0x0000000097500000| Untracked 
| 374|0x0000000097600000, 0x0000000097600000, 0x0000000097700000|  0%| F|  |TAMS 0x0000000097600000| PB 0x0000000097600000| Untracked 
| 375|0x0000000097700000, 0x0000000097700000, 0x0000000097800000|  0%| F|  |TAMS 0x0000000097700000| PB 0x0000000097700000| Untracked 
| 376|0x0000000097800000, 0x0000000097800000, 0x0000000097900000|  0%| F|  |TAMS 0x0000000097800000| PB 0x0000000097800000| Untracked 
| 377|0x0000000097900000, 0x0000000097900000, 0x0000000097a00000|  0%| F|  |TAMS 0x0000000097900000| PB 0x0000000097900000| Untracked 
| 378|0x0000000097a00000, 0x0000000097a00000, 0x0000000097b00000|  0%| F|  |TAMS 0x0000000097a00000| PB 0x0000000097a00000| Untracked 
| 379|0x0000000097b00000, 0x0000000097b00000, 0x0000000097c00000|  0%| F|  |TAMS 0x0000000097b00000| PB 0x0000000097b00000| Untracked 
| 380|0x0000000097c00000, 0x0000000097c00000, 0x0000000097d00000|  0%| F|  |TAMS 0x0000000097c00000| PB 0x0000000097c00000| Untracked 
| 381|0x0000000097d00000, 0x0000000097d00000, 0x0000000097e00000|  0%| F|  |TAMS 0x0000000097d00000| PB 0x0000000097d00000| Untracked 
| 382|0x0000000097e00000, 0x0000000097e00000, 0x0000000097f00000|  0%| F|  |TAMS 0x0000000097e00000| PB 0x0000000097e00000| Untracked 
| 383|0x0000000097f00000, 0x0000000097f00000, 0x0000000098000000|  0%| F|  |TAMS 0x0000000097f00000| PB 0x0000000097f00000| Untracked 
| 384|0x0000000098000000, 0x0000000098000000, 0x0000000098100000|  0%| F|  |TAMS 0x0000000098000000| PB 0x0000000098000000| Untracked 
| 385|0x0000000098100000, 0x0000000098100000, 0x0000000098200000|  0%| F|  |TAMS 0x0000000098100000| PB 0x0000000098100000| Untracked 
| 386|0x0000000098200000, 0x0000000098200000, 0x0000000098300000|  0%| F|  |TAMS 0x0000000098200000| PB 0x0000000098200000| Untracked 
| 387|0x0000000098300000, 0x0000000098300000, 0x0000000098400000|  0%| F|  |TAMS 0x0000000098300000| PB 0x0000000098300000| Untracked 
| 388|0x0000000098400000, 0x0000000098400000, 0x0000000098500000|  0%| F|  |TAMS 0x0000000098400000| PB 0x0000000098400000| Untracked 
|2044|0x00000000ffc00000, 0x00000000ffd00000, 0x00000000ffd00000|100%| O|  |TAMS 0x00000000ffc00000| PB 0x00000000ffc00000| Untracked 
|2045|0x00000000ffd00000, 0x00000000ffd00000, 0x00000000ffe00000|  0%| F|  |TAMS 0x00000000ffd00000| PB 0x00000000ffd00000| Untracked 
|2046|0x00000000ffe00000, 0x00000000fff00000, 0x00000000fff00000|100%| O|  |TAMS 0x00000000ffe00000| PB 0x00000000ffe00000| Untracked 
|2047|0x00000000fff00000, 0x0000000100000000, 0x0000000100000000|100%| O|  |TAMS 0x00000000fff00000| PB 0x00000000fff00000| Untracked 

Card table byte_map: [0x000001ad488c0000,0x000001ad48cc0000] _byte_map_base: 0x000001ad484c0000

Marking Bits: (CMBitMap*) 0x000001ad363b1730
 Bits: [0x000001ad48cc0000, 0x000001ad4acc0000)

Polling page: 0x000001ad343e0000

Metaspace:

Usage:
  Non-class:    117.08 MB used.
      Class:     17.51 MB used.
       Both:    134.59 MB used.

Virtual space:
  Non-class space:      128.00 MB reserved,     118.12 MB ( 92%) committed,  2 nodes.
      Class space:      416.00 MB reserved,      18.50 MB (  4%) committed,  1 nodes.
             Both:      544.00 MB reserved,     136.62 MB ( 25%) committed. 

Chunk freelists:
   Non-Class:  9.56 MB
       Class:  13.44 MB
        Both:  23.00 MB

MaxMetaspaceSize: 512.00 MB
CompressedClassSpaceSize: 416.00 MB
Initial GC threshold: 21.00 MB
Current GC threshold: 227.75 MB
CDS: off
 - commit_granule_bytes: 65536.
 - commit_granule_words: 8192.
 - virtual_space_node_default_size: 8388608.
 - enlarge_chunks_in_place: 1.
 - use_allocation_guard: 0.


Internal statistics:

num_allocs_failed_limit: 9.
num_arena_births: 3976.
num_arena_deaths: 20.
num_vsnodes_births: 3.
num_vsnodes_deaths: 0.
num_space_committed: 2184.
num_space_uncommitted: 0.
num_chunks_returned_to_freelist: 62.
num_chunks_taken_from_freelist: 9170.
num_chunk_merges: 12.
num_chunk_splits: 6613.
num_chunks_enlarged: 4800.
num_inconsistent_stats: 0.

CodeHeap 'non-profiled nmethods': size=120000Kb used=10136Kb max_used=12950Kb free=109863Kb
 bounds [0x000001ad40f90000, 0x000001ad41c40000, 0x000001ad484c0000]
CodeHeap 'profiled nmethods': size=120000Kb used=25761Kb max_used=28921Kb free=94238Kb
 bounds [0x000001ad394c0000, 0x000001ad3b100000, 0x000001ad409f0000]
CodeHeap 'non-nmethods': size=5760Kb used=2845Kb max_used=2911Kb free=2914Kb
 bounds [0x000001ad409f0000, 0x000001ad40ce0000, 0x000001ad40f90000]
CodeCache: size=245760Kb, used=38742Kb, max_used=44782Kb, free=207015Kb
 total_blobs=13754, nmethods=12639, adapters=1017, full_count=0
Compilation: enabled, stopped_count=0, restarted_count=0

Compilation events (20 events):
Event: 475.627 Thread 0x000001ad4d37e800 nmethod 16188 0x000001ad39a41190 code [0x000001ad39a41380, 0x000001ad39a41700]
Event: 475.645 Thread 0x000001ad4d37e800 16189       3       org.gradle.api.file.RelativePath::getPathString (68 bytes)
Event: 475.646 Thread 0x000001ad4d37e800 nmethod 16189 0x000001ad39574490 code [0x000001ad395746c0, 0x000001ad39574d00]
Event: 475.651 Thread 0x000001ad4d37e800 16190       3       org.gradle.internal.classpath.ClasspathBuilder$ZipEntryBuilder::maybeAddParent (50 bytes)
Event: 475.652 Thread 0x000001ad4d37e800 nmethod 16190 0x000001ad39602310 code [0x000001ad39602540, 0x000001ad39602ac0]
Event: 476.003 Thread 0x000001ad4d377b40 nmethod 16180 0x000001ad41862790 code [0x000001ad41863080, 0x000001ad41869e10]
Event: 476.003 Thread 0x000001ad4d377b40 16191 %     4       sun.nio.cs.UTF_8$Encoder::encodeBufferLoop @ 5 (326 bytes)
Event: 476.026 Thread 0x000001ad4d377b40 nmethod 16191% 0x000001ad41368910 code [0x000001ad41368bc0, 0x000001ad413695d0]
Event: 476.026 Thread 0x000001ad4d377b40 16186       4       org.objectweb.asm.ClassReader::readClass (7 bytes)
Event: 476.036 Thread 0x000001ad4d377b40 nmethod 16186 0x000001ad41ae5010 code [0x000001ad41ae51e0, 0x000001ad41ae56f0]
Event: 476.036 Thread 0x000001ad4d377b40 16181       4       java.util.Collections::addAll (43 bytes)
Event: 476.066 Thread 0x000001ad4d377b40 nmethod 16181 0x000001ad41ae6790 code [0x000001ad41ae6960, 0x000001ad41ae7398]
Event: 476.157 Thread 0x000001ad4d377b40 16192       4       sun.nio.cs.UTF_8$Encoder::encodeBufferLoop (326 bytes)
Event: 476.179 Thread 0x000001ad4d377b40 nmethod 16192 0x000001ad41224810 code [0x000001ad41224ac0, 0x000001ad41225428]
Event: 476.449 Thread 0x000001ad4d377b40 16193       4       java.util.StringTokenizer::nextToken (92 bytes)
Event: 476.476 Thread 0x000001ad4d377b40 nmethod 16193 0x000001ad41a11f10 code [0x000001ad41a12140, 0x000001ad41a12da0]
Event: 477.279 Thread 0x000001ad4d377b40 16194       4       org.gradle.api.file.RelativePath::getPathString (68 bytes)
Event: 477.338 Thread 0x000001ad4d377b40 nmethod 16194 0x000001ad411bae90 code [0x000001ad411bb140, 0x000001ad411bc5b8]
Event: 478.648 Thread 0x000001ad4d37e800 16195       3       org.objectweb.asm.tree.MethodNode::visitTypeInsn (17 bytes)
Event: 478.649 Thread 0x000001ad4d37e800 nmethod 16195 0x000001ad39666690 code [0x000001ad39666860, 0x000001ad39666ba0]

GC Heap History (20 events):
Event: 459.500 GC heap after
{Heap after GC invocations=95 (full 0):
 garbage-first heap   total 402432K, used 146626K [0x0000000080000000, 0x0000000100000000)
  region size 1024K, 7 young (7168K), 7 survivors (7168K)
 Metaspace       used 137777K, committed 139904K, reserved 557056K
  class space    used 17933K, committed 18944K, reserved 425984K
}
Event: 460.269 GC heap before
{Heap before GC invocations=95 (full 0):
 garbage-first heap   total 402432K, used 240834K [0x0000000080000000, 0x0000000100000000)
  region size 1024K, 100 young (102400K), 7 survivors (7168K)
 Metaspace       used 137780K, committed 139904K, reserved 557056K
  class space    used 17933K, committed 18944K, reserved 425984K
}
Event: 460.287 GC heap after
{Heap after GC invocations=96 (full 0):
 garbage-first heap   total 402432K, used 147639K [0x0000000080000000, 0x0000000100000000)
  region size 1024K, 9 young (9216K), 9 survivors (9216K)
 Metaspace       used 137780K, committed 139904K, reserved 557056K
  class space    used 17933K, committed 18944K, reserved 425984K
}
Event: 462.501 GC heap before
{Heap before GC invocations=96 (full 0):
 garbage-first heap   total 402432K, used 282807K [0x0000000080000000, 0x0000000100000000)
  region size 1024K, 138 young (141312K), 9 survivors (9216K)
 Metaspace       used 137799K, committed 139904K, reserved 557056K
  class space    used 17933K, committed 18944K, reserved 425984K
}
Event: 462.544 GC heap after
{Heap after GC invocations=97 (full 0):
 garbage-first heap   total 402432K, used 150245K [0x0000000080000000, 0x0000000100000000)
  region size 1024K, 8 young (8192K), 8 survivors (8192K)
 Metaspace       used 137799K, committed 139904K, reserved 557056K
  class space    used 17933K, committed 18944K, reserved 425984K
}
Event: 466.182 GC heap before
{Heap before GC invocations=97 (full 0):
 garbage-first heap   total 402432K, used 379621K [0x0000000080000000, 0x0000000100000000)
  region size 1024K, 231 young (236544K), 8 survivors (8192K)
 Metaspace       used 137806K, committed 139904K, reserved 557056K
  class space    used 17933K, committed 18944K, reserved 425984K
}
Event: 466.205 GC heap after
{Heap after GC invocations=98 (full 0):
 garbage-first heap   total 402432K, used 150245K [0x0000000080000000, 0x0000000100000000)
  region size 1024K, 8 young (8192K), 8 survivors (8192K)
 Metaspace       used 137806K, committed 139904K, reserved 557056K
  class space    used 17933K, committed 18944K, reserved 425984K
}
Event: 467.689 GC heap before
{Heap before GC invocations=98 (full 0):
 garbage-first heap   total 402432K, used 380645K [0x0000000080000000, 0x0000000100000000)
  region size 1024K, 233 young (238592K), 8 survivors (8192K)
 Metaspace       used 137812K, committed 139904K, reserved 557056K
  class space    used 17933K, committed 18944K, reserved 425984K
}
Event: 467.728 GC heap after
{Heap after GC invocations=99 (full 0):
 garbage-first heap   total 402432K, used 151641K [0x0000000080000000, 0x0000000100000000)
  region size 1024K, 10 young (10240K), 10 survivors (10240K)
 Metaspace       used 137812K, committed 139904K, reserved 557056K
  class space    used 17933K, committed 18944K, reserved 425984K
}
Event: 468.921 GC heap before
{Heap before GC invocations=99 (full 0):
 garbage-first heap   total 402432K, used 379993K [0x0000000080000000, 0x0000000100000000)
  region size 1024K, 233 young (238592K), 10 survivors (10240K)
 Metaspace       used 137818K, committed 139904K, reserved 557056K
  class space    used 17933K, committed 18944K, reserved 425984K
}
Event: 468.971 GC heap after
{Heap after GC invocations=100 (full 0):
 garbage-first heap   total 402432K, used 153317K [0x0000000080000000, 0x0000000100000000)
  region size 1024K, 11 young (11264K), 11 survivors (11264K)
 Metaspace       used 137818K, committed 139904K, reserved 557056K
  class space    used 17933K, committed 18944K, reserved 425984K
}
Event: 471.440 GC heap before
{Heap before GC invocations=101 (full 0):
 garbage-first heap   total 402432K, used 375525K [0x0000000080000000, 0x0000000100000000)
  region size 1024K, 233 young (238592K), 11 survivors (11264K)
 Metaspace       used 137818K, committed 139904K, reserved 557056K
  class space    used 17933K, committed 18944K, reserved 425984K
}
Event: 471.559 GC heap after
{Heap after GC invocations=102 (full 0):
 garbage-first heap   total 402432K, used 150219K [0x0000000080000000, 0x0000000100000000)
  region size 1024K, 13 young (13312K), 13 survivors (13312K)
 Metaspace       used 137818K, committed 139904K, reserved 557056K
  class space    used 17933K, committed 18944K, reserved 425984K
}
Event: 473.313 GC heap before
{Heap before GC invocations=102 (full 0):
 garbage-first heap   total 402432K, used 380619K [0x0000000080000000, 0x0000000100000000)
  region size 1024K, 235 young (240640K), 13 survivors (13312K)
 Metaspace       used 137820K, committed 139904K, reserved 557056K
  class space    used 17933K, committed 18944K, reserved 425984K
}
Event: 473.332 GC heap after
{Heap after GC invocations=103 (full 0):
 garbage-first heap   total 402432K, used 140009K [0x0000000080000000, 0x0000000100000000)
  region size 1024K, 8 young (8192K), 8 survivors (8192K)
 Metaspace       used 137820K, committed 139904K, reserved 557056K
  class space    used 17933K, committed 18944K, reserved 425984K
}
Event: 475.417 GC heap before
{Heap before GC invocations=103 (full 0):
 garbage-first heap   total 402432K, used 372457K [0x0000000080000000, 0x0000000100000000)
  region size 1024K, 235 young (240640K), 8 survivors (8192K)
 Metaspace       used 137820K, committed 139904K, reserved 557056K
  class space    used 17933K, committed 18944K, reserved 425984K
}
Event: 475.439 GC heap after
{Heap after GC invocations=104 (full 0):
 garbage-first heap   total 402432K, used 140410K [0x0000000080000000, 0x0000000100000000)
  region size 1024K, 9 young (9216K), 9 survivors (9216K)
 Metaspace       used 137820K, committed 139904K, reserved 557056K
  class space    used 17933K, committed 18944K, reserved 425984K
}
Event: 477.672 GC heap before
{Heap before GC invocations=104 (full 0):
 garbage-first heap   total 402432K, used 371834K [0x0000000080000000, 0x0000000100000000)
  region size 1024K, 235 young (240640K), 9 survivors (9216K)
 Metaspace       used 137820K, committed 139904K, reserved 557056K
  class space    used 17933K, committed 18944K, reserved 425984K
}
Event: 477.699 GC heap after
{Heap after GC invocations=105 (full 0):
 garbage-first heap   total 402432K, used 141545K [0x0000000080000000, 0x0000000100000000)
  region size 1024K, 10 young (10240K), 10 survivors (10240K)
 Metaspace       used 137820K, committed 139904K, reserved 557056K
  class space    used 17933K, committed 18944K, reserved 425984K
}
Event: 479.466 GC heap before
{Heap before GC invocations=105 (full 0):
 garbage-first heap   total 402432K, used 371945K [0x0000000080000000, 0x0000000100000000)
  region size 1024K, 235 young (240640K), 10 survivors (10240K)
 Metaspace       used 137820K, committed 139904K, reserved 557056K
  class space    used 17933K, committed 18944K, reserved 425984K
}

Dll operation events (3 events):
Event: 0.055 Loaded shared library C:\Program Files\Android\Android Studio\jbr\bin\java.dll
Event: 0.075 Loaded shared library C:\Program Files\Android\Android Studio\jbr\bin\zip.dll
Event: 9.399 Loaded shared library C:\Program Files\Android\Android Studio\jbr\bin\verify.dll

Deoptimization events (20 events):
Event: 475.561 Thread 0x000001ad5271ed80 DEOPT PACKING pc=0x000001ad411d88b8 sp=0x00000052c93fe270
Event: 475.561 Thread 0x000001ad5271ed80 DEOPT UNPACKING pc=0x000001ad40a443a2 sp=0x00000052c93fe198 mode 2
Event: 475.617 Thread 0x000001ad5271ed80 Uncommon trap: trap_request=0xffffff45 fr.pc=0x000001ad413d91dc relative=0x0000000000000a3c
Event: 475.617 Thread 0x000001ad5271ed80 Uncommon trap: reason=unstable_if action=reinterpret pc=0x000001ad413d91dc method=java.lang.String.substring(II)Ljava/lang/String; @ 31 c2
Event: 475.617 Thread 0x000001ad5271ed80 DEOPT PACKING pc=0x000001ad413d91dc sp=0x00000052c93fe5b0
Event: 475.617 Thread 0x000001ad5271ed80 DEOPT UNPACKING pc=0x000001ad40a443a2 sp=0x00000052c93fe500 mode 2
Event: 475.617 Thread 0x000001ad5271ed80 Uncommon trap: trap_request=0xffffff45 fr.pc=0x000001ad414b44c4 relative=0x0000000000000cc4
Event: 475.617 Thread 0x000001ad5271ed80 Uncommon trap: reason=unstable_if action=reinterpret pc=0x000001ad414b44c4 method=java.lang.AbstractStringBuilder.inflateIfNeededFor(Ljava/lang/String;)V @ 14 c2
Event: 475.617 Thread 0x000001ad5271ed80 DEOPT PACKING pc=0x000001ad414b44c4 sp=0x00000052c93fe620
Event: 475.617 Thread 0x000001ad5271ed80 DEOPT UNPACKING pc=0x000001ad40a443a2 sp=0x00000052c93fe448 mode 2
Event: 475.618 Thread 0x000001ad5271ed80 Uncommon trap: trap_request=0xffffff45 fr.pc=0x000001ad41498c54 relative=0x00000000000027f4
Event: 475.618 Thread 0x000001ad5271ed80 Uncommon trap: reason=unstable_if action=reinterpret pc=0x000001ad41498c54 method=java.lang.String.lastIndexOf(II)I @ 4 c2
Event: 475.618 Thread 0x000001ad5271ed80 DEOPT PACKING pc=0x000001ad41498c54 sp=0x00000052c93fe570
Event: 475.618 Thread 0x000001ad5271ed80 DEOPT UNPACKING pc=0x000001ad40a443a2 sp=0x00000052c93fe418 mode 2
Event: 475.618 Thread 0x000001ad5271ed80 Uncommon trap: trap_request=0xffffff45 fr.pc=0x000001ad411d68dc relative=0x000000000000035c
Event: 475.618 Thread 0x000001ad5271ed80 Uncommon trap: reason=unstable_if action=reinterpret pc=0x000001ad411d68dc method=sun.nio.cs.UTF_8$Encoder.encodeBufferLoop(Ljava/nio/CharBuffer;Ljava/nio/ByteBuffer;)Ljava/nio/charset/CoderResult; @ 23 c2
Event: 475.618 Thread 0x000001ad5271ed80 DEOPT PACKING pc=0x000001ad411d68dc sp=0x00000052c93fe410
Event: 475.618 Thread 0x000001ad5271ed80 DEOPT UNPACKING pc=0x000001ad40a443a2 sp=0x00000052c93fe3a8 mode 2
Event: 476.186 Thread 0x000001ad5271ed80 DEOPT PACKING pc=0x000001ad3a3495c5 sp=0x00000052c93fe3b0
Event: 476.186 Thread 0x000001ad5271ed80 DEOPT UNPACKING pc=0x000001ad40a44b42 sp=0x00000052c93fd888 mode 0

Classes loaded (20 events):
Event: 447.612 Loading class jdk/internal/loader/URLClassPath$FileLoader$1
Event: 447.612 Loading class jdk/internal/loader/URLClassPath$FileLoader$1 done
Event: 453.713 Loading class java/io/ObjectOutputStream$BlockDataOutputStream
Event: 453.717 Loading class java/io/ObjectOutputStream$BlockDataOutputStream done
Event: 453.717 Loading class java/io/ObjectOutputStream$HandleTable
Event: 453.718 Loading class java/io/ObjectOutputStream$HandleTable done
Event: 453.718 Loading class java/io/ObjectOutputStream$ReplaceTable
Event: 453.718 Loading class java/io/ObjectOutputStream$ReplaceTable done
Event: 454.046 Loading class java/nio/file/AtomicMoveNotSupportedException
Event: 454.048 Loading class java/nio/file/AtomicMoveNotSupportedException done
Event: 454.210 Loading class java/io/FileWriter
Event: 454.215 Loading class java/io/FileWriter done
Event: 455.183 Loading class org/xml/sax/Locator
Event: 455.189 Loading class org/xml/sax/Locator done
Event: 455.199 Loading class org/xml/sax/SAXParseException
Event: 455.200 Loading class org/xml/sax/SAXParseException done
Event: 455.201 Loading class org/xml/sax/Attributes
Event: 455.204 Loading class org/xml/sax/Attributes done
Event: 455.788 Loading class java/util/function/LongUnaryOperator
Event: 455.791 Loading class java/util/function/LongUnaryOperator done

Classes unloaded (20 events):
Event: 435.117 Thread 0x000001ad4d185bb0 Unloading class 0x000000010093a100 'ReactNativeModules$_generateRncliCpp_closure15'
Event: 435.118 Thread 0x000001ad4d185bb0 Unloading class 0x0000000100939ce0 'ReactNativeModules$_generateRncliCpp_closure14'
Event: 435.118 Thread 0x000001ad4d185bb0 Unloading class 0x00000001009398c0 'ReactNativeModules$_generateRncliCpp_closure13'
Event: 435.118 Thread 0x000001ad4d185bb0 Unloading class 0x00000001009394a0 'ReactNativeModules$_generateRncliCpp_closure12$_closure21'
Event: 435.118 Thread 0x000001ad4d185bb0 Unloading class 0x0000000100939080 'ReactNativeModules$_generateRncliCpp_closure12'
Event: 435.118 Thread 0x000001ad4d185bb0 Unloading class 0x0000000100938c60 'ReactNativeModules$_generateRncliCpp_closure11'
Event: 435.118 Thread 0x000001ad4d185bb0 Unloading class 0x0000000100938840 'ReactNativeModules$_generateRncliCpp_closure10'
Event: 435.118 Thread 0x000001ad4d185bb0 Unloading class 0x0000000100938420 'ReactNativeModules$_generateCmakeFile_closure9'
Event: 435.118 Thread 0x000001ad4d185bb0 Unloading class 0x0000000100938000 'ReactNativeModules$_generateCmakeFile_closure8'
Event: 435.119 Thread 0x000001ad4d185bb0 Unloading class 0x00000001009378c0 'ReactNativeModules$_generateCmakeFile_closure7'
Event: 435.119 Thread 0x000001ad4d185bb0 Unloading class 0x00000001009374a0 'ReactNativeModules$_generatePackagesFile_closure6'
Event: 435.119 Thread 0x000001ad4d185bb0 Unloading class 0x0000000100937080 'ReactNativeModules$_generatePackagesFile_closure5'
Event: 435.119 Thread 0x000001ad4d185bb0 Unloading class 0x0000000100936c60 'ReactNativeModules$_generatePackagesFile_closure4'
Event: 435.119 Thread 0x000001ad4d185bb0 Unloading class 0x0000000100936840 'ReactNativeModules$_generatePackagesFile_closure3$_closure20'
Event: 435.119 Thread 0x000001ad4d185bb0 Unloading class 0x0000000100936420 'ReactNativeModules$_generatePackagesFile_closure3'
Event: 435.119 Thread 0x000001ad4d185bb0 Unloading class 0x0000000100936000 'ReactNativeModules$_addReactNativeModuleDependencies_closure2$_closure18$_closure19'
Event: 435.119 Thread 0x000001ad4d185bb0 Unloading class 0x0000000100935b28 'ReactNativeModules$_addReactNativeModuleDependencies_closure2$_closure18'
Event: 435.119 Thread 0x000001ad4d185bb0 Unloading class 0x0000000100935708 'ReactNativeModules$_addReactNativeModuleDependencies_closure2'
Event: 435.119 Thread 0x000001ad4d185bb0 Unloading class 0x00000001009352e8 'ReactNativeModules$_addReactNativeModuleProjects_closure1'
Event: 435.119 Thread 0x000001ad4d185bb0 Unloading class 0x0000000100935000 'ReactNativeModules'

Classes redefined (0 events):
No events

Internal exceptions (20 events):
Event: 467.792 Thread 0x000001ad5271e060 Exception <a 'sun/nio/fs/WindowsException'{0x0000000097277148}> (0x0000000097277148) 
thrown [s\src\hotspot\share\prims\jni.cpp, line 537]
Event: 467.794 Thread 0x000001ad5271e060 Exception <a 'sun/nio/fs/WindowsException'{0x0000000097279848}> (0x0000000097279848) 
thrown [s\src\hotspot\share\prims\jni.cpp, line 537]
Event: 467.809 Thread 0x000001ad5271e060 Exception <a 'sun/nio/fs/WindowsException'{0x000000009727a208}> (0x000000009727a208) 
thrown [s\src\hotspot\share\prims\jni.cpp, line 537]
Event: 467.875 Thread 0x000001ad5271e060 Exception <a 'sun/nio/fs/WindowsException'{0x000000009566be80}> (0x000000009566be80) 
thrown [s\src\hotspot\share\prims\jni.cpp, line 537]
Event: 467.889 Thread 0x000001ad5271e060 Exception <a 'sun/nio/fs/WindowsException'{0x000000009566c050}> (0x000000009566c050) 
thrown [s\src\hotspot\share\prims\jni.cpp, line 537]
Event: 467.894 Thread 0x000001ad5271ccb0 Exception <a 'sun/nio/fs/WindowsException'{0x0000000094f3df70}> (0x0000000094f3df70) 
thrown [s\src\hotspot\share\prims\jni.cpp, line 537]
Event: 467.898 Thread 0x000001ad5271ccb0 Exception <a 'sun/nio/fs/WindowsException'{0x0000000094f3e148}> (0x0000000094f3e148) 
thrown [s\src\hotspot\share\prims\jni.cpp, line 537]
Event: 472.408 Thread 0x000001ad5271ed80 Exception <a 'sun/nio/fs/WindowsException'{0x0000000090e4e978}> (0x0000000090e4e978) 
thrown [s\src\hotspot\share\prims\jni.cpp, line 537]
Event: 472.410 Thread 0x000001ad5271ed80 Exception <a 'sun/nio/fs/WindowsException'{0x0000000090e50580}> (0x0000000090e50580) 
thrown [s\src\hotspot\share\prims\jni.cpp, line 537]
Event: 472.412 Thread 0x000001ad5271ed80 Exception <a 'sun/nio/fs/WindowsException'{0x0000000090e51848}> (0x0000000090e51848) 
thrown [s\src\hotspot\share\prims\jni.cpp, line 537]
Event: 472.413 Thread 0x000001ad5271ed80 Exception <a 'sun/nio/fs/WindowsException'{0x0000000090e57eb8}> (0x0000000090e57eb8) 
thrown [s\src\hotspot\share\prims\jni.cpp, line 537]
Event: 472.413 Thread 0x000001ad5271ed80 Exception <a 'sun/nio/fs/WindowsException'{0x0000000090e58ba0}> (0x0000000090e58ba0) 
thrown [s\src\hotspot\share\prims\jni.cpp, line 537]
Event: 472.413 Thread 0x000001ad5271ed80 Exception <a 'sun/nio/fs/WindowsException'{0x0000000090e59168}> (0x0000000090e59168) 
thrown [s\src\hotspot\share\prims\jni.cpp, line 537]
Event: 472.429 Thread 0x000001ad5271ed80 Exception <a 'sun/nio/fs/WindowsException'{0x0000000090e612c0}> (0x0000000090e612c0) 
thrown [s\src\hotspot\share\prims\jni.cpp, line 537]
Event: 472.431 Thread 0x000001ad5271ed80 Exception <a 'sun/nio/fs/WindowsException'{0x0000000090e639c8}> (0x0000000090e639c8) 
thrown [s\src\hotspot\share\prims\jni.cpp, line 537]
Event: 472.437 Thread 0x000001ad5271ed80 Exception <a 'sun/nio/fs/WindowsException'{0x0000000090e64388}> (0x0000000090e64388) 
thrown [s\src\hotspot\share\prims\jni.cpp, line 537]
Event: 472.538 Thread 0x000001ad5271b900 Exception <a 'sun/nio/fs/WindowsException'{0x000000008eb28f98}> (0x000000008eb28f98) 
thrown [s\src\hotspot\share\prims\jni.cpp, line 537]
Event: 472.542 Thread 0x000001ad5271b900 Exception <a 'sun/nio/fs/WindowsException'{0x000000008eb29180}> (0x000000008eb29180) 
thrown [s\src\hotspot\share\prims\jni.cpp, line 537]
Event: 476.357 Thread 0x000001ad52155cc0 Exception <a 'sun/nio/fs/WindowsException'{0x0000000094007958}> (0x0000000094007958) 
thrown [s\src\hotspot\share\prims\jni.cpp, line 537]
Event: 476.387 Thread 0x000001ad52155cc0 Exception <a 'sun/nio/fs/WindowsException'{0x0000000093e90128}> (0x0000000093e90128) 
thrown [s\src\hotspot\share\prims\jni.cpp, line 537]

ZGC Phase Switch (0 events):
No events

VM Operations (20 events):
Event: 470.599 Executing VM operation: G1PauseRemark done
Event: 470.830 Executing VM operation: G1PauseCleanup
Event: 470.831 Executing VM operation: G1PauseCleanup done
Event: 471.440 Executing VM operation: G1CollectForAllocation (G1 Evacuation Pause)
Event: 471.440 Executing VM operation: G1CollectForAllocation (G1 Evacuation Pause) done
Event: 471.440 Executing VM operation: G1CollectForAllocation (GCLocker Initiated GC)
Event: 471.559 Executing VM operation: G1CollectForAllocation (GCLocker Initiated GC) done
Event: 472.560 Executing VM operation: Cleanup
Event: 472.560 Executing VM operation: Cleanup done
Event: 473.313 Executing VM operation: G1CollectForAllocation (G1 Evacuation Pause)
Event: 473.332 Executing VM operation: G1CollectForAllocation (G1 Evacuation Pause) done
Event: 474.337 Executing VM operation: Cleanup
Event: 474.337 Executing VM operation: Cleanup done
Event: 475.352 Executing VM operation: Cleanup
Event: 475.352 Executing VM operation: Cleanup done
Event: 475.417 Executing VM operation: G1CollectForAllocation (G1 Evacuation Pause)
Event: 475.439 Executing VM operation: G1CollectForAllocation (G1 Evacuation Pause) done
Event: 477.671 Executing VM operation: G1CollectForAllocation (G1 Evacuation Pause)
Event: 477.699 Executing VM operation: G1CollectForAllocation (G1 Evacuation Pause) done
Event: 479.466 Executing VM operation: G1CollectForAllocation (G1 Evacuation Pause)

Memory protections (0 events):
No events

Nmethod flushes (20 events):
Event: 470.588 Thread 0x000001ad4d185bb0 flushing  nmethod 0x000001ad3aa26790
Event: 470.588 Thread 0x000001ad4d185bb0 flushing  nmethod 0x000001ad3aa27790
Event: 470.588 Thread 0x000001ad4d185bb0 flushing  nmethod 0x000001ad3aa2c710
Event: 470.588 Thread 0x000001ad4d185bb0 flushing  nmethod 0x000001ad3aadf990
Event: 470.588 Thread 0x000001ad4d185bb0 flushing  nmethod 0x000001ad3ab42290
Event: 470.588 Thread 0x000001ad4d185bb0 flushing  nmethod 0x000001ad3ab42d10
Event: 470.588 Thread 0x000001ad4d185bb0 flushing  nmethod 0x000001ad3ab43910
Event: 470.588 Thread 0x000001ad4d185bb0 flushing  nmethod 0x000001ad3abb2710
Event: 470.588 Thread 0x000001ad4d185bb0 flushing  nmethod 0x000001ad3abb7810
Event: 470.588 Thread 0x000001ad4d185bb0 flushing  nmethod 0x000001ad3abbdd10
Event: 470.589 Thread 0x000001ad4d185bb0 flushing  nmethod 0x000001ad3abc4e90
Event: 470.589 Thread 0x000001ad4d185bb0 flushing  nmethod 0x000001ad3abc5d90
Event: 470.589 Thread 0x000001ad4d185bb0 flushing  nmethod 0x000001ad3ac0eb10
Event: 470.589 Thread 0x000001ad4d185bb0 flushing  nmethod 0x000001ad3ac6b310
Event: 470.589 Thread 0x000001ad4d185bb0 flushing osr nmethod 0x000001ad3ac75090
Event: 470.589 Thread 0x000001ad4d185bb0 flushing  nmethod 0x000001ad3ac76c90
Event: 470.589 Thread 0x000001ad4d185bb0 flushing  nmethod 0x000001ad3ac83190
Event: 470.589 Thread 0x000001ad4d185bb0 flushing  nmethod 0x000001ad3acd5d10
Event: 470.589 Thread 0x000001ad4d185bb0 flushing  nmethod 0x000001ad3ad61610
Event: 470.589 Thread 0x000001ad4d185bb0 flushing  nmethod 0x000001ad3ad6c190

Events (20 events):
Event: 270.940 Thread 0x000001ad58118910 Thread exited: 0x000001ad58118910
Event: 271.160 Thread 0x000001ad4d37e800 Thread added: 0x000001ad58118910
Event: 271.696 Thread 0x000001ad58118910 Thread exited: 0x000001ad58118910
Event: 277.529 Thread 0x000001ad4d90f3d0 Thread added: 0x000001ad56f6a140
Event: 277.531 Thread 0x000001ad4d90f3d0 Thread added: 0x000001ad56f68070
Event: 282.950 Thread 0x000001ad56f68070 Thread exited: 0x000001ad56f68070
Event: 282.950 Thread 0x000001ad56f6a140 Thread exited: 0x000001ad56f6a140
Event: 316.867 Thread 0x000001ad4d90f3d0 Thread added: 0x000001ad56f6a140
Event: 427.660 Thread 0x000001ad4d37e800 Thread added: 0x000001ad578970e0
Event: 429.486 Thread 0x000001ad578970e0 Thread exited: 0x000001ad578970e0
Event: 439.816 Thread 0x000001ad4d37e800 Thread added: 0x000001ad53bc03a0
Event: 440.012 Thread 0x000001ad53bc03a0 Thread exited: 0x000001ad53bc03a0
Event: 450.126 Thread 0x000001ad4d377b40 Thread added: 0x000001ad564e5210
Event: 450.913 Thread 0x000001ad564e5210 Thread exited: 0x000001ad564e5210
Event: 453.740 Thread 0x000001ad4d90f3d0 Thread added: 0x000001ad60276e20
Event: 456.080 Thread 0x000001ad4d90f3d0 Thread added: 0x000001ad6027a2a0
Event: 456.504 Thread 0x000001ad4d90f3d0 Thread added: 0x000001ad6027a930
Event: 457.996 Thread 0x000001ad4d90f3d0 Thread added: 0x000001ad582e8390
Event: 457.996 Thread 0x000001ad4d90f3d0 Thread added: 0x000001ad582e62c0
Event: 457.997 Thread 0x000001ad4d90f3d0 Thread added: 0x000001ad582e5c30


Dynamic libraries:
0x00007ff736c70000 - 0x00007ff736c7a000 	C:\Program Files\Android\Android Studio\jbr\bin\java.exe
0x00007ffae1960000 - 0x00007ffae1bc7000 	C:\WINDOWS\SYSTEM32\ntdll.dll
0x00007ffadff50000 - 0x00007ffae0019000 	C:\WINDOWS\System32\KERNEL32.DLL
0x00007ffade240000 - 0x00007ffade631000 	C:\WINDOWS\System32\KERNELBASE.dll
0x00007ffade720000 - 0x00007ffade86b000 	C:\WINDOWS\System32\ucrtbase.dll
0x00007ffad7200000 - 0x00007ffad7218000 	C:\Program Files\Android\Android Studio\jbr\bin\jli.dll
0x00007ffae0020000 - 0x00007ffae01e5000 	C:\WINDOWS\System32\USER32.dll
0x00007ffade640000 - 0x00007ffade667000 	C:\WINDOWS\System32\win32u.dll
0x00007ffae1750000 - 0x00007ffae177b000 	C:\WINDOWS\System32\GDI32.dll
0x00007ffadeca0000 - 0x00007ffadedcb000 	C:\WINDOWS\System32\gdi32full.dll
0x00007ffade670000 - 0x00007ffade713000 	C:\WINDOWS\System32\msvcp_win.dll
0x00007ffad3360000 - 0x00007ffad337b000 	C:\Program Files\Android\Android Studio\jbr\bin\VCRUNTIME140.dll
0x00007ffacdbf0000 - 0x00007ffacde83000 	C:\WINDOWS\WinSxS\amd64_microsoft.windows.common-controls_6595b64144ccf1df_6.0.26100.8037_none_3e092faae333b53b\COMCTL32.dll
0x00007ffadfb80000 - 0x00007ffadfc29000 	C:\WINDOWS\System32\msvcrt.dll
0x00007ffae0440000 - 0x00007ffae0471000 	C:\WINDOWS\System32\IMM32.DLL
0x00007ffad8f80000 - 0x00007ffad8f8c000 	C:\Program Files\Android\Android Studio\jbr\bin\vcruntime140_1.dll
0x00007ffa91880000 - 0x00007ffa9190d000 	C:\Program Files\Android\Android Studio\jbr\bin\msvcp140.dll
0x00007ffa42440000 - 0x00007ffa430d6000 	C:\Program Files\Android\Android Studio\jbr\bin\server\jvm.dll
0x00007ffae0490000 - 0x00007ffae054b000 	C:\WINDOWS\System32\ADVAPI32.dll
0x00007ffadf900000 - 0x00007ffadf9a7000 	C:\WINDOWS\System32\sechost.dll
0x00007ffae0550000 - 0x00007ffae0668000 	C:\WINDOWS\System32\RPCRT4.dll
0x00007ffadf9b0000 - 0x00007ffadfa24000 	C:\WINDOWS\System32\WS2_32.dll
0x00007ffade0a0000 - 0x00007ffade0fe000 	C:\WINDOWS\SYSTEM32\POWRPROF.dll
0x00007ffad7180000 - 0x00007ffad718b000 	C:\WINDOWS\SYSTEM32\VERSION.dll
0x00007ffacde90000 - 0x00007ffacdec5000 	C:\WINDOWS\SYSTEM32\WINMM.dll
0x00007ffade080000 - 0x00007ffade094000 	C:\WINDOWS\SYSTEM32\UMPDC.dll
0x00007ffadcf90000 - 0x00007ffadcfab000 	C:\WINDOWS\SYSTEM32\kernel.appcore.dll
0x00007ffacbba0000 - 0x00007ffacbbaa000 	C:\Program Files\Android\Android Studio\jbr\bin\jimage.dll
0x00007ffacdee0000 - 0x00007fface122000 	C:\WINDOWS\SYSTEM32\DBGHELP.DLL
0x00007ffae0de0000 - 0x00007ffae1162000 	C:\WINDOWS\System32\combase.dll
0x00007ffadfe70000 - 0x00007ffadff47000 	C:\WINDOWS\System32\OLEAUT32.dll
0x00007ffac9950000 - 0x00007ffac998b000 	C:\WINDOWS\SYSTEM32\dbgcore.DLL
0x00007ffade870000 - 0x00007ffade915000 	C:\WINDOWS\System32\bcryptPrimitives.dll
0x00007ffad71b0000 - 0x00007ffad71be000 	C:\Program Files\Android\Android Studio\jbr\bin\instrument.dll
0x00007ffac8f90000 - 0x00007ffac8fb0000 	C:\Program Files\Android\Android Studio\jbr\bin\java.dll
0x00007ffac71d0000 - 0x00007ffac71e8000 	C:\Program Files\Android\Android Studio\jbr\bin\zip.dll
0x00007ffae0670000 - 0x00007ffae0dcf000 	C:\WINDOWS\System32\SHELL32.dll
0x00007ffadeaa0000 - 0x00007ffadec0a000 	C:\WINDOWS\System32\wintypes.dll
0x00007ffadedd0000 - 0x00007ffadf634000 	C:\WINDOWS\System32\windows.storage.dll
0x00007ffae1650000 - 0x00007ffae1747000 	C:\WINDOWS\System32\SHCORE.dll
0x00007ffadfb00000 - 0x00007ffadfb67000 	C:\WINDOWS\System32\shlwapi.dll
0x00007ffade160000 - 0x00007ffade189000 	C:\WINDOWS\SYSTEM32\profapi.dll
0x00007ffacb1b0000 - 0x00007ffacb1c0000 	C:\Program Files\Android\Android Studio\jbr\bin\net.dll
0x00007ffad5670000 - 0x00007ffad5797000 	C:\WINDOWS\SYSTEM32\WINHTTP.dll
0x00007ffadd4e0000 - 0x00007ffadd54b000 	C:\WINDOWS\system32\mswsock.dll
0x00007ffac71b0000 - 0x00007ffac71c6000 	C:\Program Files\Android\Android Studio\jbr\bin\nio.dll
0x00007ffac7270000 - 0x00007ffac7280000 	C:\Program Files\Android\Android Studio\jbr\bin\verify.dll
0x00007ffac8e10000 - 0x00007ffac8e37000 	C:\Users\Diego\.gradle\native\c067742578af261105cb4f569cf0c3c89f3d7b1fecec35dd04571415982c5e48\windows-amd64\native-platform.dll
0x00007ffa8ece0000 - 0x00007ffa8ee24000 	C:\Users\Diego\.gradle\native\38dada09dfb8b06ba9b0570ebf7e218e3eb74d4ef43ca46872605cf95ebc2f47\windows-amd64\native-platform-file-events.dll
0x00007ffac9f30000 - 0x00007ffac9f39000 	C:\Program Files\Android\Android Studio\jbr\bin\management.dll
0x00007ffac9b80000 - 0x00007ffac9b8b000 	C:\Program Files\Android\Android Studio\jbr\bin\management_ext.dll
0x00007ffae1630000 - 0x00007ffae1638000 	C:\WINDOWS\System32\PSAPI.DLL
0x00007ffadd8e0000 - 0x00007ffadd8fb000 	C:\WINDOWS\SYSTEM32\CRYPTSP.dll
0x00007ffadcef0000 - 0x00007ffadcf29000 	C:\WINDOWS\system32\rsaenh.dll
0x00007ffadd590000 - 0x00007ffadd5c2000 	C:\WINDOWS\SYSTEM32\USERENV.dll
0x00007ffade130000 - 0x00007ffade15a000 	C:\WINDOWS\SYSTEM32\bcrypt.dll
0x00007ffadd740000 - 0x00007ffadd74c000 	C:\WINDOWS\SYSTEM32\CRYPTBASE.dll
0x00007ffadc8a0000 - 0x00007ffadc8d3000 	C:\WINDOWS\SYSTEM32\IPHLPAPI.DLL
0x00007ffae1640000 - 0x00007ffae164a000 	C:\WINDOWS\System32\NSI.dll
0x00007ffacac40000 - 0x00007ffacac49000 	C:\Program Files\Android\Android Studio\jbr\bin\extnet.dll
0x00007ffa92d20000 - 0x00007ffa92d28000 	C:\WINDOWS\system32\wshunix.dll
0x00007ffadd0b0000 - 0x00007ffadd0e6000 	C:\WINDOWS\SYSTEM32\ntmarta.dll

JVMTI agents:
C:\Users\Diego\.gradle\wrapper\dists\gradle-8.5-all\3zlzzgtsutfj0pbojr50n2l7z\gradle-8.5\lib\agents\gradle-instrumentation-agent-8.5.jar path:C:\Program Files\Android\Android Studio\jbr\bin\instrument.dll, loaded, initialized, instrumentlib options:none

dbghelp: loaded successfully - version: 4.0.5 - missing functions: none
symbol engine: initialized successfully - sym options: 0x614 - pdb path: .;C:\Program Files\Android\Android Studio\jbr\bin;C:\WINDOWS\SYSTEM32;C:\WINDOWS\WinSxS\amd64_microsoft.windows.common-controls_6595b64144ccf1df_6.0.26100.8037_none_3e092faae333b53b;C:\Program Files\Android\Android Studio\jbr\bin\server;C:\Users\Diego\.gradle\native\c067742578af261105cb4f569cf0c3c89f3d7b1fecec35dd04571415982c5e48\windows-amd64;C:\Users\Diego\.gradle\native\38dada09dfb8b06ba9b0570ebf7e218e3eb74d4ef43ca46872605cf95ebc2f47\windows-amd64

VM Arguments:
jvm_args: -XX:MaxMetaspaceSize=512m --add-opens=java.base/java.util=ALL-UNNAMED --add-opens=java.base/java.lang=ALL-UNNAMED --add-opens=java.base/java.lang.invoke=ALL-UNNAMED --add-opens=java.prefs/java.util.prefs=ALL-UNNAMED --add-opens=java.base/java.nio.charset=ALL-UNNAMED --add-opens=java.base/java.net=ALL-UNNAMED --add-opens=java.base/java.util.concurrent.atomic=ALL-UNNAMED -Xmx2048m -Dfile.encoding=UTF-8 -Duser.country=BR -Duser.language=pt -Duser.variant -javaagent:C:\Users\Diego\.gradle\wrapper\dists\gradle-8.5-all\3zlzzgtsutfj0pbojr50n2l7z\gradle-8.5\lib\agents\gradle-instrumentation-agent-8.5.jar 
java_command: org.gradle.launcher.daemon.bootstrap.GradleDaemon 8.5
java_class_path (initial): C:\Users\Diego\.gradle\wrapper\dists\gradle-8.5-all\3zlzzgtsutfj0pbojr50n2l7z\gradle-8.5\lib\gradle-launcher-8.5.jar
Launcher Type: SUN_STANDARD

[Global flags]
     intx CICompilerCount                          = 3                                         {product} {ergonomic}
   size_t CompressedClassSpaceSize                 = 436207616                                 {product} {ergonomic}
     uint ConcGCThreads                            = 1                                         {product} {ergonomic}
     uint G1ConcRefinementThreads                  = 4                                         {product} {ergonomic}
   size_t G1HeapRegionSize                         = 1048576                                   {product} {ergonomic}
    uintx GCDrainStackTargetSize                   = 64                                        {product} {ergonomic}
   size_t InitialHeapSize                          = 67108864                                  {product} {ergonomic}
   size_t MarkStackSize                            = 4194304                                   {product} {ergonomic}
   size_t MaxHeapSize                              = 2147483648                                {product} {command line}
   size_t MaxMetaspaceSize                         = 536870912                                 {product} {command line}
   size_t MaxNewSize                               = 1287651328                                {product} {ergonomic}
   size_t MinHeapDeltaBytes                        = 1048576                                   {product} {ergonomic}
   size_t MinHeapSize                              = 8388608                                   {product} {ergonomic}
    uintx NonNMethodCodeHeapSize                   = 5832780                                {pd product} {ergonomic}
    uintx NonProfiledCodeHeapSize                  = 122912730                              {pd product} {ergonomic}
    uintx ProfiledCodeHeapSize                     = 122912730                              {pd product} {ergonomic}
    uintx ReservedCodeCacheSize                    = 251658240                              {pd product} {ergonomic}
     bool SegmentedCodeCache                       = true                                      {product} {ergonomic}
   size_t SoftMaxHeapSize                          = 2147483648                             {manageable} {ergonomic}
     bool UseCompressedOops                        = true                           {product lp64_product} {ergonomic}
     bool UseG1GC                                  = true                                      {product} {ergonomic}
     bool UseLargePagesIndividualAllocation        = false                                  {pd product} {ergonomic}

Logging:
Log output configuration:
 #0: stdout all=warning uptime,level,tags foldmultilines=false
 #1: stderr all=off uptime,level,tags foldmultilines=false

Release file:
JAVA_VERSION="21.0.9" 
MODULES="java.base java.compiler java.datatransfer java.xml java.prefs java.desktop java.instrument java.logging java.management java.security.sasl java.naming java.rmi java.management.rmi java.net.http java.scripting java.security.jgss java.transaction.xa java.sql java.sql.rowset java.xml.crypto java.se java.smartcardio jdk.accessibility jdk.internal.jvmstat jdk.attach jdk.charsets jdk.internal.opt jdk.zipfs jdk.compiler jdk.crypto.ec jdk.crypto.cryptoki jdk.dynalink jdk.hotspot.agent jdk.httpserver jdk.internal.ed jdk.internal.le jdk.internal.vm.ci jdk.jartool jdk.javadoc jdk.jcmd jdk.jdeps jdk.jdwp.agent jdk.jdi jdk.jfr jdk.jlink jdk.jsobject jdk.localedata jdk.management jdk.management.agent jdk.management.jfr jdk.naming.dns jdk.naming.rmi jdk.net jdk.sctp jdk.security.auth jdk.security.jgss jdk.unsupported jdk.unsupported.desktop jdk.xml.dom" 
IMPLEMENTOR="JetBrains s.r.o." 
JAVA_RUNTIME_VERSION="21.0.9+-14787801-b1163.94" 
LIBC="default" 
OS_ARCH="x86_64" 
OS_NAME="Windows" 
SOURCE=".:git:0c757ddc9f2f" 

Environment Variables:
PATH=C:\WINDOWS\system32;C:\WINDOWS;C:\WINDOWS\System32\Wbem;C:\WINDOWS\System32\WindowsPowerShell\v1.0\;C:\WINDOWS\System32\OpenSSH\;C:\Program Files\nodejs\;C:\Program Files\Git\cmd;C:\Users\Diego\AppData\Local\Microsoft\WindowsApps;C:\Users\Diego\AppData\Local\Programs\Microsoft VS Code\bin;C:\Users\Diego\AppData\Roaming\npm;C:\Users\Diego\AppData\Local\Python\bin;C:\Users\Diego\AppData\Local\Programs\Ollama;C:\Users\Diego\AppData\Local\Programs\Antigravity\bin;C:\Users\Diego\AppData\Local\Programs\Kiro\bin;C:\Users\Diego\AppData\Local\Microsoft\WinGet\Packages\Gyan.FFmpeg_Microsoft.Winget.Source_8wekyb3d8bbwe\ffmpeg-8.1-full_build\bin;
USERNAME=Diego
OS=Windows_NT
PROCESSOR_IDENTIFIER=Intel64 Family 6 Model 142 Stepping 10, GenuineIntel
TMP=C:\Users\Diego\AppData\Local\Temp
TEMP=C:\Users\Diego\AppData\Local\Temp




Periodic native trim disabled

JNI global refs:
JNI global refs: 27, weak refs: 0

JNI global refs memory usage: 835, weak refs: 833

Process memory usage:
Resident Set Size: 511648K (12% of 4076264K total physical memory with 365596K free physical memory)

OOME stack traces (most recent first):
Classloader memory used:
Loader org.gradle.internal.classloader.VisitableURLClassLoader                         : 100910K
Loader bootstrap                                                                       : 25390K
Loader org.gradle.initialization.MixInLegacyTypesClassLoader                           : 8172K
Loader org.gradle.internal.classloader.VisitableURLClassLoader                         : 928K
Loader org.gradle.internal.classloader.VisitableURLClassLoader$InstrumentingVisitableURLClassLoader: 716K
Loader jdk.internal.loader.ClassLoaders$PlatformClassLoader                            : 546K
Loader jdk.internal.jrtfs.JrtFileSystemProvider$JrtFsLoader                            : 340K
Loader org.gradle.groovy.scripts.internal.DefaultScriptCompilationHandler$ScriptClassLoader: 278K
Loader jdk.internal.loader.ClassLoaders$AppClassLoader                                 : 227K
Loader jdk.internal.reflect.DelegatingClassLoader                                      : 199K
Loader org.codehaus.groovy.runtime.callsite.CallSiteClassLoader                        : 109K

Classes loaded by more than one classloader:
Class org.gradle.internal.IoActions                                                   : loaded 3 times (x 71B)
Class org.gradle.api.Action                                                           : loaded 3 times (x 70B)
Class org.gradle.internal.Cast                                                        : loaded 3 times (x 71B)
Class org.gradle.api.GradleException                                                  : loaded 3 times (x 82B)
Class Program                                                                         : loaded 3 times (x 74B)
Class jdk.internal.jimage.decompressor.StringSharingDecompressorFactory               : loaded 2 times (x 74B)
Class com.google.common.collect.UnmodifiableListIterator                              : loaded 2 times (x 95B)
Class org.gradle.internal.operations.MultipleBuildOperationFailures                   : loaded 2 times (x 95B)
Class org.gradle.internal.classloader.DefaultClassLoaderFactory                       : loaded 2 times (x 82B)
Class kotlin.collections.AbstractList$Companion                                       : loaded 2 times (x 71B)
Class org.gradle.internal.classloader.ClassLoaderVisitor                              : loaded 2 times (x 76B)
Class org.gradle.api.internal.classpath.EffectiveClassPath                            : loaded 2 times (x 90B)
Class org.gradle.tooling.internal.gradle.DefaultProjectIdentifier                     : loaded 2 times (x 86B)
Class org.gradle.api.internal.DefaultClassPathProvider                                : loaded 2 times (x 76B)
Class [Lorg.gradle.api.internal.ClassPathProvider;                                    : loaded 2 times (x 69B)
Class org.gradle.api.internal.ClassPathProvider                                       : loaded 2 times (x 70B)
Class jdk.internal.jrtfs.SystemImage                                                  : loaded 2 times (x 74B)
Class org.gradle.internal.service.UnknownServiceException                             : loaded 2 times (x 83B)
Class org.gradle.internal.classpath.TransformedClassPath                              : loaded 2 times (x 96B)
Class jdk.internal.jrtfs.SystemImage$1                                                : loaded 2 times (x 78B)
Class com.google.common.collect.Iterators$ArrayItr                                    : loaded 2 times (x 97B)
Class kotlin.enums.EnumEntriesList                                                    : loaded 2 times (x 223B)
Class jdk.internal.jrtfs.SystemImage$2                                                : loaded 2 times (x 76B)
Class com.google.common.collect.UnmodifiableIterator                                  : loaded 2 times (x 80B)
Class org.gradle.internal.service.ServiceLocator                                      : loaded 2 times (x 70B)
Class jdk.internal.jrtfs.JrtFileSystemProvider                                        : loaded 2 times (x 101B)
Class com.intellij.gradle.toolingExtension.util.GradleVersionUtil                     : loaded 2 times (x 71B)
Class org.gradle.tooling.model.UnsupportedMethodException                             : loaded 2 times (x 82B)
Class com.google.common.collect.Iterators                                             : loaded 2 times (x 71B)
Class jdk.internal.jimage.ImageLocation                                               : loaded 2 times (x 90B)
Class jdk.internal.jrtfs.JrtDirectoryStream$1                                         : loaded 2 times (x 83B)
Class com.google.common.collect.Lists$StringAsImmutableList                           : loaded 2 times (x 207B)
Class org.gradle.internal.InternalTransformer                                         : loaded 2 times (x 70B)
Class jdk.internal.jimage.ImageBufferCache$1                                          : loaded 2 times (x 83B)
Class org.gradle.internal.time.DefaultTimer                                           : loaded 2 times (x 80B)
Class org.gradle.internal.classloader.ClasspathUtil$1                                 : loaded 2 times (x 76B)
Class jdk.internal.jimage.ImageBufferCache$2                                          : loaded 2 times (x 91B)
Class org.gradle.api.internal.classpath.DefaultModuleRegistry$DefaultModule           : loaded 2 times (x 86B)
Class com.google.common.collect.AbstractIterator                                      : loaded 2 times (x 82B)
Class com.google.common.collect.AbstractIndexedListIterator                           : loaded 2 times (x 96B)
Class org.gradle.internal.time.DefaultCountdownTimer                                  : loaded 2 times (x 88B)
Class org.gradle.tooling.internal.gradle.DefaultBuildIdentifier                       : loaded 2 times (x 79B)
Class org.gradle.api.internal.classpath.Module                                        : loaded 2 times (x 70B)
Class org.gradle.api.internal.classpath.UnknownModuleException                        : loaded 2 times (x 82B)
Class org.gradle.cache.GlobalCache                                                    : loaded 2 times (x 70B)
Class jdk.internal.jimage.ImageHeader                                                 : loaded 2 times (x 71B)
Class org.gradle.tooling.internal.gradle.GradleProjectIdentity                        : loaded 2 times (x 70B)
Class org.gradle.api.internal.DefaultClassPathRegistry                                : loaded 2 times (x 76B)
Class org.gradle.api.internal.ClassPathRegistry                                       : loaded 2 times (x 70B)
Class org.gradle.internal.classpath.DefaultClassPath$ImmutableUniqueList              : loaded 2 times (x 199B)
Class jdk.internal.jimage.decompressor.ResourceDecompressor                           : loaded 2 times (x 70B)
Class org.gradle.api.internal.classpath.ManifestUtil                                  : loaded 2 times (x 71B)
Class org.gradle.internal.classpath.ClassPath                                         : loaded 2 times (x 70B)
Class org.gradle.api.UncheckedIOException                                             : loaded 2 times (x 82B)
Class jdk.internal.jimage.ImageStringsReader                                          : loaded 2 times (x 80B)
Class com.google.common.collect.Iterators$1                                           : loaded 2 times (x 81B)
Class org.gradle.internal.classloader.ClassLoaderHierarchy                            : loaded 2 times (x 70B)
Class kotlin.UninitializedPropertyAccessException                                     : loaded 2 times (x 82B)
Class jdk.internal.jimage.ImageReader                                                 : loaded 2 times (x 75B)
Class ijInit1_ew2oy3qh746ari8bvqo4yq5i1                                               : loaded 2 times (x 179B)
Class jdk.internal.jimage.ImageReader$SharedImageReader                               : loaded 2 times (x 95B)
Class com.google.common.collect.Iterators$4                                           : loaded 2 times (x 82B)
Class org.gradle.internal.installation.GradleInstallation$1                           : loaded 2 times (x 75B)
Class org.gradle.api.internal.classpath.ModuleRegistry                                : loaded 2 times (x 70B)
Class jdk.internal.jimage.decompressor.ResourceDecompressorFactory                    : loaded 2 times (x 74B)
Class com.google.common.collect.Iterators$5                                           : loaded 2 times (x 82B)
Class jdk.internal.jimage.ImageReader$Node                                            : loaded 2 times (x 84B)
Class com.google.common.collect.ImmutableCollection                                   : loaded 2 times (x 125B)
Class org.gradle.api.internal.classpath.DefaultModuleRegistry                         : loaded 2 times (x 86B)
Class jdk.internal.jimage.BasicImageReader$1                                          : loaded 2 times (x 77B)
Class com.google.common.collect.Lists                                                 : loaded 2 times (x 71B)
Class com.google.common.collect.Iterators$9                                           : loaded 2 times (x 81B)
Class jdk.internal.jimage.decompressor.Decompressor                                   : loaded 2 times (x 72B)
Class jdk.internal.jimage.ImageReader$Resource                                        : loaded 2 times (x 84B)
Class org.gradle.internal.time.MonotonicClock                                         : loaded 2 times (x 77B)
Class org.gradle.internal.service.ServiceLookupException                              : loaded 2 times (x 82B)
Class jdk.internal.jrtfs.JrtFileAttributes                                            : loaded 2 times (x 83B)
Class org.gradle.internal.classloader.ClassLoaderFactory                              : loaded 2 times (x 70B)
Class org.gradle.internal.service.CachingServiceLocator                               : loaded 2 times (x 82B)
Class sync_studio_tooling9_cmlhvxygic38fmmppmlebr0lt$_run_closure1                    : loaded 2 times (x 139B)
Class org.gradle.internal.time.TimeSource                                             : loaded 2 times (x 70B)
Class org.gradle.tooling.internal.gradle.GradleBuildIdentity                          : loaded 2 times (x 70B)
Class kotlin.enums.EnumEntries                                                        : loaded 2 times (x 70B)
Class org.gradle.internal.exceptions.ResolutionProvider                               : loaded 2 times (x 70B)
Class jdk.internal.jimage.ImageBufferCache                                            : loaded 2 times (x 71B)
Class jdk.internal.jrtfs.JrtPath                                                      : loaded 2 times (x 118B)
Class org.gradle.tooling.model.ProjectIdentifier                                      : loaded 2 times (x 70B)
Class org.gradle.internal.classloader.ClasspathUtil                                   : loaded 2 times (x 71B)
Class org.gradle.internal.time.TimeSource$1                                           : loaded 2 times (x 77B)
Class kotlin.jvm.internal.DefaultConstructorMarker                                    : loaded 2 times (x 71B)
Class org.gradle.api.specs.Spec                                                       : loaded 2 times (x 70B)
Class jdk.internal.jimage.ImageReader$SharedImageReader$LocationVisitor               : loaded 2 times (x 70B)
Class jdk.internal.jimage.decompressor.ResourceDecompressorRepository                 : loaded 2 times (x 71B)
Class com.intellij.gradle.toolingExtension.impl.model.utilDummyModel.DummyModel       : loaded 2 times (x 70B)
Class org.gradle.internal.time.Clock                                                  : loaded 2 times (x 70B)
Class jdk.internal.jimage.ImageReader$Directory                                       : loaded 2 times (x 84B)
Class kotlin.collections.AbstractList                                                 : loaded 2 times (x 197B)
Class kotlin.collections.AbstractCollection                                           : loaded 2 times (x 117B)
Class org.gradle.internal.classloader.VisitableURLClassLoader$InstrumentingVisitableURLClassLoader: loaded 2 times (x 123B)
Class org.gradle.internal.classloader.VisitableURLClassLoader$Spec                    : loaded 2 times (x 74B)
Class org.gradle.internal.classpath.DefaultClassPath                                  : loaded 2 times (x 90B)
Class jdk.internal.jimage.decompressor.ZipDecompressorFactory                         : loaded 2 times (x 74B)
Class org.gradle.util.internal.DefaultGradleVersion                                   : loaded 2 times (x 82B)
Class org.gradle.internal.classloader.ClassLoaderSpec                                 : loaded 2 times (x 71B)
Class org.gradle.internal.classloader.VisitableURLClassLoader                         : loaded 2 times (x 117B)
Class Settings_gradle                                                                 : loaded 2 times (x 128B)
Class jdk.internal.jimage.BasicImageReader                                            : loaded 2 times (x 95B)
Class org.gradle.internal.classloader.FilteringClassLoader                            : loaded 2 times (x 105B)
Class jdk.internal.jimage.decompressor.ZipDecompressor                                : loaded 2 times (x 75B)
Class org.gradle.internal.agents.InstrumentingClassLoader                             : loaded 2 times (x 70B)
Class org.gradle.internal.classpath.DefaultClassPath$ImmutableUniqueList$Builder      : loaded 2 times (x 75B)
Class org.gradle.tooling.model.Model                                                  : loaded 2 times (x 70B)
Class org.gradle.internal.exceptions.NonGradleCauseExceptionsHolder                   : loaded 2 times (x 70B)
Class jdk.internal.jimage.ImageStrings                                                : loaded 2 times (x 70B)
Class sync_studio_tooling9_cmlhvxygic38fmmppmlebr0lt                                  : loaded 2 times (x 179B)
Class kotlin.NotImplementedError                                                      : loaded 2 times (x 82B)
Class kotlin.enums.EnumEntriesKt                                                      : loaded 2 times (x 71B)
Class org.gradle.internal.classloader.SystemClassLoaderSpec                           : loaded 2 times (x 71B)
Class org.gradle.internal.exceptions.MultiCauseException                              : loaded 2 times (x 70B)
Class org.gradle.internal.time.CountdownTimer                                         : loaded 2 times (x 70B)
Class kotlin.jvm.internal.Intrinsics                                                  : loaded 2 times (x 71B)
Class jdk.internal.jrtfs.JrtFileSystem                                                : loaded 2 times (x 102B)
Class org.gradle.tooling.model.ProjectModel                                           : loaded 2 times (x 70B)
Class jdk.internal.jimage.decompressor.CompressedResourceHeader                       : loaded 2 times (x 71B)
Class kotlin.KotlinNullPointerException                                               : loaded 2 times (x 83B)
Class org.gradle.internal.exceptions.DefaultMultiCauseException                       : loaded 2 times (x 95B)
Class com.google.common.base.Preconditions                                            : loaded 2 times (x 71B)
Class com.google.common.collect.PeekingIterator                                       : loaded 2 times (x 70B)
Class org.gradle.internal.time.Time                                                   : loaded 2 times (x 71B)
Class org.gradle.tooling.model.BuildIdentifier                                        : loaded 2 times (x 70B)
Class kotlin.NoWhenBranchMatchedException                                             : loaded 2 times (x 82B)
Class org.gradle.internal.time.Timer                                                  : loaded 2 times (x 70B)
Class kotlin.jvm.internal.markers.KMappedMarker                                       : loaded 2 times (x 70B)
Class org.gradle.internal.installation.CurrentGradleInstallationLocator               : loaded 2 times (x 71B)
Class com.google.common.collect.ImmutableList                                         : loaded 2 times (x 206B)
Class org.gradle.internal.service.DefaultServiceLocator                               : loaded 2 times (x 83B)
Class jdk.internal.jrtfs.JrtDirectoryStream                                           : loaded 2 times (x 89B)
Class org.gradle.util.GradleVersion                                                   : loaded 2 times (x 81B)
Class org.gradle.internal.installation.CurrentGradleInstallation                      : loaded 2 times (x 73B)
Class org.gradle.util.internal.GUtil                                                  : loaded 2 times (x 71B)
Class com.google.common.collect.Iterators$MergingIterator                             : loaded 2 times (x 81B)
Class org.gradle.internal.installation.GradleInstallation                             : loaded 2 times (x 75B)
Class jdk.internal.jimage.decompressor.ResourceDecompressor$StringsProvider           : loaded 2 times (x 70B)

---------------  S Y S T E M  ---------------

OS:
 Windows 11 , 64 bit Build 26100 (10.0.26100.7920)
OS uptime: 0 days 9:16 hours
Hyper-V role detected

CPU: total 4 (initial active 4) (2 cores per cpu, 2 threads per core) family 6 model 142 stepping 10 microcode 0xe0, cx8, cmov, fxsr, ht, mmx, 3dnowpref, sse, sse2, sse3, ssse3, sse4.1, sse4.2, popcnt, lzcnt, tsc, tscinvbit, avx, avx2, aes, erms, clmul, bmi1, bmi2, adx, fma, vzeroupper, clflush, clflushopt, hv, rdtscp, f16c
Processor Information for the first 4 processors :
  Max Mhz: 2304, Current Mhz: 2304, Mhz Limit: 2304

Memory: 4k page, system-wide physical 3980M (350M free)
TotalPageFile size 16268M (AvailPageFile size 51M)
current process WorkingSet (physical memory assigned to process): 513M, peak: 601M
current process commit charge ("private bytes"): 748M, peak: 816M

vm_info: OpenJDK 64-Bit Server VM (21.0.9+-14787801-b1163.94) for windows-amd64 JRE (21.0.9+-14787801-b1163.94), built on 2026-01-27T21:15:44Z by "builder" with MS VC++ 16.10 / 16.11 (VS2019)

END.
